episode,env_step,return,length,success,epsilon,gradient_steps_so_far,latest_loss
1,200,-200.0,200,0,0.9960399,0,
2,400,-200.0,200,0,0.9920599,0,
3,600,-200.0,200,0,0.9880799,0,
4,800,-200.0,200,0,0.9840999,0,
5,1000,-200.0,200,0,0.9801199,1,0.4523613452911377
6,1200,-200.0,200,0,0.9761399,201,0.0002691787958610803
7,1400,-200.0,200,0,0.9721599,401,0.00011901932884939015
8,1600,-200.0,200,0,0.9681799,601,0.00022108630219008774
9,1800,-200.0,200,0,0.9641999,801,0.00047177140368148685
10,2000,-200.0,200,0,0.9602199,1001,0.00011993439693469554
11,2200,-200.0,200,0,0.9562399,1201,0.00014161838043946773
12,2400,-200.0,200,0,0.9522599,1401,5.8757334045367315e-05
13,2600,-200.0,200,0,0.9482799,1601,7.466105307685211e-05
14,2800,-200.0,200,0,0.9442999,1801,0.00011766656098188832
15,3000,-200.0,200,0,0.9403199,2001,5.902848351979628e-05
16,3200,-200.0,200,0,0.9363399,2201,8.045633148867637e-05
17,3400,-200.0,200,0,0.9323599,2401,0.00016572969616390765
18,3600,-200.0,200,0,0.9283799,2601,0.00015748354780953377
19,3800,-200.0,200,0,0.9243999,2801,8.057714148890227e-05
20,4000,-200.0,200,0,0.9204199,3001,0.00012341687397565693
21,4200,-200.0,200,0,0.9164399,3201,7.925592944957316e-05
22,4400,-200.0,200,0,0.9124599,3401,3.894642577506602e-05
23,4600,-200.0,200,0,0.9084799,3601,3.656127955764532e-05
24,4800,-200.0,200,0,0.9044999,3801,9.487118950346485e-05
25,5000,-200.0,200,0,0.9005199,4001,6.957251753192395e-05
26,5200,-200.0,200,0,0.8965399000000001,4201,8.511196938343346e-05
27,5400,-200.0,200,0,0.8925599,4401,2.756692629191093e-05
28,5600,-200.0,200,0,0.8885799,4601,4.219695256324485e-05
29,5800,-200.0,200,0,0.8845999,4801,6.383143772836775e-05
30,6000,-200.0,200,0,0.8806199,5001,8.94216191227315e-06
31,6200,-200.0,200,0,0.8766399,5201,2.942846913356334e-05
32,6400,-200.0,200,0,0.8726598999999999,5401,4.49575309175998e-05
33,6600,-200.0,200,0,0.8686799000000001,5601,2.406670682830736e-05
34,6800,-200.0,200,0,0.8646999,5801,7.556469790870324e-05
35,7000,-200.0,200,0,0.8607199,6001,7.6612202974502e-05
36,7200,-200.0,200,0,0.8567399,6201,0.000239878092543222
37,7400,-200.0,200,0,0.8527599,6401,8.539106784155592e-05
38,7600,-200.0,200,0,0.8487799,6601,0.00010183286940446123
39,7800,-200.0,200,0,0.8447998999999999,6801,0.00010683371510822326
40,8000,-200.0,200,0,0.8408199,7001,0.00023466043057851493
41,8200,-200.0,200,0,0.8368399,7201,4.320588777773082e-05
42,8400,-200.0,200,0,0.8328599,7401,0.00010073579323943704
43,8600,-200.0,200,0,0.8288799,7601,3.666833436000161e-05
44,8800,-200.0,200,0,0.8248999,7801,0.0003289926389697939
45,9000,-200.0,200,0,0.8209199,8001,3.3741529477993026e-05
46,9200,-200.0,200,0,0.8169398999999999,8201,5.9122936363564804e-05
47,9400,-200.0,200,0,0.8129599,8401,0.0002770973078440875
48,9600,-200.0,200,0,0.8089799,8601,0.0002327892871107906
49,9800,-200.0,200,0,0.8049999,8801,0.00029411358991637826
50,10000,-200.0,200,0,0.8010199,9001,9.877339471131563e-05
51,10200,-200.0,200,0,0.7970399,9201,6.72120731906034e-05
52,10400,-200.0,200,0,0.7930599,9401,0.0001758095168042928
53,10600,-200.0,200,0,0.7890799,9601,0.00027723898529075086
54,10800,-200.0,200,0,0.7850999,9801,0.00014530190674122423
55,11000,-200.0,200,0,0.7811199,10001,6.842602306278422e-05
56,11200,-200.0,200,0,0.7771399,10201,5.917405360378325e-05
57,11400,-200.0,200,0,0.7731599,10401,0.00013698972179554403
58,11600,-200.0,200,0,0.7691799,10601,0.00011258068843744695
59,11800,-200.0,200,0,0.7651999,10801,0.00022343525779433548
60,12000,-200.0,200,0,0.7612199,11001,0.00013601285172626376
61,12200,-200.0,200,0,0.7572399,11201,0.00023543197312392294
62,12400,-200.0,200,0,0.7532599,11401,0.0004988716682419181
63,12600,-200.0,200,0,0.7492799,11601,0.00012010241334792227
64,12800,-200.0,200,0,0.7452999,11801,6.919615407241508e-05
65,13000,-200.0,200,0,0.7413199,12001,0.0002415892668068409
66,13200,-200.0,200,0,0.7373399,12201,0.0001649059122428298
67,13400,-200.0,200,0,0.7333599,12401,2.1542211470659822e-05
68,13600,-200.0,200,0,0.7293799000000001,12601,0.00022671482292935252
69,13800,-200.0,200,0,0.7253999,12801,0.00021295639453455806
70,14000,-200.0,200,0,0.7214199,13001,0.00017839363135863096
71,14200,-200.0,200,0,0.7174399,13201,0.00010622097761370242
72,14400,-200.0,200,0,0.7134598999999999,13401,9.922422032104805e-05
73,14600,-200.0,200,0,0.7094799,13601,0.00010512608423596248
74,14800,-200.0,200,0,0.7054999,13801,0.0001559620286570862
75,15000,-200.0,200,0,0.7015199,14001,0.00010563657997408882
76,15200,-200.0,200,0,0.6975399,14201,0.00023702398175373673
77,15400,-200.0,200,0,0.6935599,14401,8.443147817160934e-05
78,15600,-200.0,200,0,0.6895799,14601,6.446764746215194e-05
79,15800,-200.0,200,0,0.6855999,14801,0.00025225779972970486
80,16000,-200.0,200,0,0.6816199000000001,15001,0.0001534556649858132
81,16200,-200.0,200,0,0.6776399,15201,0.00027212590794079006
82,16400,-200.0,200,0,0.6736599000000001,15401,6.953261618036777e-05
83,16600,-200.0,200,0,0.6696799,15601,0.0003098832385148853
84,16800,-200.0,200,0,0.6656999,15801,0.00016098245396278799
85,17000,-200.0,200,0,0.6617199,16001,0.0003522397018969059
86,17200,-200.0,200,0,0.6577398999999999,16201,4.539853398455307e-05
87,17400,-200.0,200,0,0.6537599000000001,16401,0.000315385201247409
88,17600,-200.0,200,0,0.6497799,16601,8.051304030232131e-05
89,17800,-200.0,200,0,0.6457999,16801,0.0005308114341460168
90,18000,-200.0,200,0,0.6418199,17001,0.0001166878646472469
91,18200,-200.0,200,0,0.6378398999999999,17201,0.00028940997435711324
92,18400,-200.0,200,0,0.6338599,17401,5.992205842630938e-05
93,18600,-200.0,200,0,0.6298799,17601,0.00014081386325415224
94,18800,-200.0,200,0,0.6258999000000001,17801,2.6896101189777255e-05
95,19000,-200.0,200,0,0.6219199,18001,6.391203351086006e-05
96,19200,-200.0,200,0,0.6179399,18201,8.607802737969905e-05
97,19400,-200.0,200,0,0.6139599,18401,0.00031415143166668713
98,19600,-200.0,200,0,0.6099799,18601,0.00038196949753910303
99,19800,-200.0,200,0,0.6059999,18801,0.0001259873970411718
100,20000,-200.0,200,0,0.6020198999999999,19001,0.00018893476226367056
101,20200,-200.0,200,0,0.5980399000000001,19201,0.0008846893906593323
102,20400,-200.0,200,0,0.5940599,19401,0.0007624819991178811
103,20600,-200.0,200,0,0.5900799,19601,0.0005191953969188035
104,20800,-200.0,200,0,0.5860999,19801,0.00025783749879337847
105,21000,-200.0,200,0,0.5821198999999999,20001,0.00019042444182559848
106,21200,-200.0,200,0,0.5781399,20201,4.927293775836006e-05
107,21400,-200.0,200,0,0.5741599,20401,0.00031195860356092453
108,21600,-200.0,200,0,0.5701799000000001,20601,0.0003182808286510408
109,21800,-200.0,200,0,0.5661999,20801,0.00019321302534081042
110,22000,-200.0,200,0,0.5622199,21001,9.863889135885984e-05
111,22200,-200.0,200,0,0.5582399,21201,0.00029870745493099093
112,22400,-200.0,200,0,0.5542599,21401,0.00028650762396864593
113,22600,-200.0,200,0,0.5502799,21601,0.00015307951252907515
114,22800,-200.0,200,0,0.5462999,21801,0.00010771544475574046
115,23000,-200.0,200,0,0.5423199000000001,22001,0.0003605204401537776
116,23200,-200.0,200,0,0.5383399,22201,0.00012440819409675896
117,23400,-200.0,200,0,0.5343599,22401,8.830249134916812e-05
118,23600,-200.0,200,0,0.5303799,22601,0.00013105443213135004
119,23800,-200.0,200,0,0.5263998999999999,22801,9.829241025727242e-05
120,24000,-200.0,200,0,0.5224199,23001,6.39215431874618e-05
121,24200,-200.0,200,0,0.5184399,23201,0.00016509933630004525
122,24400,-200.0,200,0,0.5144599,23401,7.244748121593148e-05
123,24600,-200.0,200,0,0.5104799,23601,4.4472508307080716e-05
124,24800,-200.0,200,0,0.5064999,23801,0.0001759576698532328
125,25000,-200.0,200,0,0.5025199,24001,0.00011745320807676762
126,25200,-200.0,200,0,0.49853990000000004,24201,7.124086550902575e-05
127,25400,-200.0,200,0,0.49455990000000005,24401,0.0001606167061254382
128,25600,-200.0,200,0,0.49057989999999996,24601,0.0001768381189322099
129,25800,-200.0,200,0,0.4865999,24801,0.00023371182032860816
130,26000,-200.0,200,0,0.4826199,25001,0.00026587676256895065
131,26200,-200.0,200,0,0.4786399,25201,0.00022757462284062058
132,26400,-200.0,200,0,0.4746599,25401,0.000121752978884615
133,26600,-200.0,200,0,0.47067990000000004,25601,0.00015594225260429084
134,26800,-200.0,200,0,0.46669989999999995,25801,0.0005428226431831717
135,27000,-200.0,200,0,0.46271989999999996,26001,0.00018793580238707364
136,27200,-200.0,200,0,0.4587399,26201,0.00013975630281493068
137,27400,-200.0,200,0,0.4547599,26401,0.0001949277939274907
138,27600,-200.0,200,0,0.4507799,26601,0.00028103130171075463
139,27800,-200.0,200,0,0.4467999,26801,0.00037975364830344915
140,28000,-200.0,200,0,0.44281989999999993,27001,0.0007746807532384992
141,28200,-200.0,200,0,0.43883989999999995,27201,0.0005068894824944437
142,28400,-200.0,200,0,0.43485989999999997,27401,9.448699711356312e-05
143,28600,-200.0,200,0,0.4308799,27601,0.0002676841977518052
144,28800,-200.0,200,0,0.4268999,27801,0.0005724122747778893
145,29000,-200.0,200,0,0.4229198999999999,28001,0.0004639046674128622
146,29200,-200.0,200,0,0.4189398999999999,28201,6.468255014624447e-05
147,29400,-200.0,200,0,0.41495990000000005,28401,0.00011696013098116964
148,29600,-200.0,200,0,0.41097990000000006,28601,0.0001225416490342468
149,29800,-200.0,200,0,0.4069999000000001,28801,7.347550854319707e-05
150,30000,-200.0,200,0,0.4030199000000001,29001,0.00011530300253070891
151,30200,-200.0,200,0,0.3990399,29201,0.00021815896616317332
152,30400,-200.0,200,0,0.3950599,29401,0.0006233223830349743
153,30600,-200.0,200,0,0.39107990000000004,29601,0.000260093598626554
154,30800,-200.0,200,0,0.38709990000000005,29801,0.00011947005987167358
155,31000,-200.0,200,0,0.38311990000000007,30001,0.0003226133994758129
156,31200,-200.0,200,0,0.3791399,30201,0.0004926080582663417
157,31400,-200.0,200,0,0.3751599,30401,0.00047954515321180224
158,31600,-200.0,200,0,0.3711799,30601,0.00013049331028014421
159,31800,-200.0,200,0,0.3671999,30801,0.00015667200204916298
160,32000,-200.0,200,0,0.36321990000000004,31001,0.00017075288633350283
161,32200,-200.0,200,0,0.35923990000000006,31201,6.31478542345576e-05
162,32400,-200.0,200,0,0.35525989999999996,31401,5.2115738071734086e-05
163,32600,-200.0,200,0,0.3512799,31601,6.123710772953928e-05
164,32800,-200.0,200,0,0.3472999,31801,0.00030971120577305555
165,33000,-200.0,200,0,0.3433199,32001,0.00020716179278679192
166,33200,-200.0,200,0,0.3393399,32201,0.00017221691086888313
167,33400,-200.0,200,0,0.33535989999999993,32401,2.275577026011888e-05
168,33600,-200.0,200,0,0.33137989999999995,32601,0.0001709643838694319
169,33800,-200.0,200,0,0.32739989999999997,32801,0.00032734533306211233
170,34000,-200.0,200,0,0.3234199,33001,0.0002160522126359865
171,34200,-200.0,200,0,0.3194399,33201,0.00020179070997983217
172,34400,-200.0,200,0,0.3154599,33401,0.0006339616375043988
173,34600,-200.0,200,0,0.3114798999999999,33601,0.00025118180201388896
174,34800,-200.0,200,0,0.30749989999999994,33801,0.00015328322479035705
175,35000,-200.0,200,0,0.30351989999999995,34001,8.469197928206995e-05
176,35200,-200.0,200,0,0.29953989999999997,34201,0.00011456273205112666
177,35400,-200.0,200,0,0.2955599,34401,0.00010650714830262586
178,35600,-200.0,200,0,0.2915799,34601,0.0002194052212871611
179,35800,-200.0,200,0,0.2875999,34801,0.0002648308000061661
180,36000,-200.0,200,0,0.28361990000000004,35001,0.00019597441132646054
181,36200,-200.0,200,0,0.27963990000000005,35201,0.00045826000859960914
182,36400,-200.0,200,0,0.27565990000000007,35401,0.00011165889009134844
183,36600,-200.0,200,0,0.2716799000000001,35601,0.00022358079149853438
184,36800,-200.0,200,0,0.2676999,35801,7.368363731075078e-05
185,37000,-200.0,200,0,0.2637199,36001,0.0016911434940993786
186,37200,-200.0,200,0,0.2597399,36201,0.0001857635797932744
187,37400,-200.0,200,0,0.25575990000000004,36401,0.00023409834830090404
188,37600,-200.0,200,0,0.25177990000000006,36601,6.912711978657171e-05
189,37800,-200.0,200,0,0.24779990000000007,36801,0.00050988799193874
190,38000,-200.0,200,0,0.24381989999999998,37001,7.365597411990166e-05
191,38200,-200.0,200,0,0.2398399,37201,3.845555329462513e-05
192,38400,-200.0,200,0,0.2358599,37401,0.00026560519472695887
193,38600,-200.0,200,0,0.23187990000000003,37601,0.001173991709947586
194,38800,-200.0,200,0,0.22789990000000004,37801,0.00020889961160719395
195,39000,-200.0,200,0,0.22391989999999995,38001,4.243708826834336e-05
196,39200,-200.0,200,0,0.21993989999999997,38201,0.00019558957137633115
197,39400,-200.0,200,0,0.21595989999999998,38401,0.0002643537591211498
198,39600,-200.0,200,0,0.2119799,38601,0.00022574441391043365
199,39800,-200.0,200,0,0.20799990000000002,38801,0.00012167057138867676
200,40000,-200.0,200,0,0.20401990000000003,39001,8.640620217192918e-05
201,40200,-200.0,200,0,0.20003989999999994,39201,0.0003718995430972427
202,40400,-200.0,200,0,0.19605989999999995,39401,0.002030514180660248
203,40600,-200.0,200,0,0.19207989999999997,39601,7.557571370853111e-05
204,40800,-200.0,200,0,0.1880999,39801,6.568728713318706e-05
205,41000,-200.0,200,0,0.1841199,40001,0.0001600536925252527
206,41200,-200.0,200,0,0.1801398999999999,40201,0.00018484990869183093
207,41400,-200.0,200,0,0.17615989999999992,40401,5.837256685481407e-05
208,41600,-200.0,200,0,0.17217989999999994,40601,3.724238194990903e-05
209,41800,-200.0,200,0,0.16819990000000007,40801,0.0001218373654410243
210,42000,-200.0,200,0,0.16421990000000009,41001,0.00018524393090046942
211,42200,-200.0,200,0,0.1602399000000001,41201,0.00031019363086670637
212,42400,-200.0,200,0,0.1562599,41401,0.00038261222653090954
213,42600,-200.0,200,0,0.15227990000000002,41601,2.2215692297322676e-05
214,42800,-200.0,200,0,0.14829990000000004,41801,0.00038464850513264537
215,43000,-200.0,200,0,0.14431990000000006,42001,0.00012739009980577976
216,43200,-200.0,200,0,0.14033990000000007,42201,7.779591396683827e-05
217,43400,-200.0,200,0,0.13635989999999998,42401,0.00018766714492812753
218,43600,-200.0,200,0,0.1323799,42601,9.49315435718745e-05
219,43800,-200.0,200,0,0.1283999,42801,0.00011744884250219911
220,44000,-200.0,200,0,0.12441990000000003,43001,0.00012054615217493847
221,44200,-200.0,200,0,0.12043990000000004,43201,1.5148052625590935e-05
222,44400,-200.0,200,0,0.11645990000000006,43401,5.657485235133208e-05
223,44600,-200.0,200,0,0.11247989999999997,43601,0.0001392999547533691
224,44800,-200.0,200,0,0.10849989999999998,43801,0.00018483064195606858
225,45000,-200.0,200,0,0.1045199,44001,0.0009784431895241141
226,45200,-200.0,200,0,0.10053990000000002,44201,3.107661541434936e-05
227,45400,-200.0,200,0,0.09655990000000003,44401,0.0005704786744900048
228,45600,-200.0,200,0,0.09257989999999994,44601,0.0003041572927031666
229,45800,-200.0,200,0,0.08859989999999995,44801,1.1025707863154821e-05
230,46000,-200.0,200,0,0.08461989999999997,45001,6.0338821640470996e-05
231,46200,-200.0,200,0,0.08063989999999999,45201,0.00047984078992158175
232,46400,-200.0,200,0,0.0766599,45401,0.00026152771897614
233,46600,-200.0,200,0,0.07267990000000002,45601,7.547916902694851e-05
234,46800,-200.0,200,0,0.06869989999999992,45801,0.00043965806253254414
235,47000,-200.0,200,0,0.06471989999999994,46001,4.9519156164024025e-05
236,47200,-200.0,200,0,0.06073989999999996,46201,2.998802847287152e-05
237,47400,-200.0,200,0,0.056759899999999974,46401,0.00032327024382539093
238,47600,-200.0,200,0,0.05277989999999999,46601,0.00035604165168479085
239,47800,-200.0,200,0,0.04879990000000001,46801,0.00032819295302033424
240,48000,-200.0,200,0,0.04481989999999991,47001,0.00012239532952662557
241,48200,-200.0,200,0,0.04083990000000004,47201,0.0003332309424877167
242,48400,-200.0,200,0,0.036859900000000057,47401,0.0009205966489389539
243,48600,-200.0,200,0,0.03287990000000007,47601,0.000199440197320655
244,48800,-200.0,200,0,0.02889990000000009,47801,0.0003288625448476523
245,49000,-200.0,200,0,0.024919899999999995,48001,0.0010447304230183363
246,49200,-200.0,200,0,0.02093990000000001,48201,0.00030877726385369897
247,49400,-200.0,200,0,0.016959900000000028,48401,3.628659760579467e-05
248,49600,-200.0,200,0,0.012979900000000044,48601,7.157716026995331e-05
249,49800,-200.0,200,0,0.00899990000000006,48801,0.00012776836229022592
250,50000,-200.0,200,0,0.005019900000000077,49001,5.3388706874102354e-05
251,50200,-200.0,200,0,0.0050000000000000044,49201,0.00019771273946389556
252,50400,-200.0,200,0,0.0050000000000000044,49401,4.625146175385453e-05
253,50600,-200.0,200,0,0.0050000000000000044,49601,0.00010969433787977323
254,50800,-200.0,200,0,0.0050000000000000044,49801,0.00033083808375522494
255,51000,-200.0,200,0,0.0050000000000000044,50001,8.193821122404188e-05
256,51200,-200.0,200,0,0.0050000000000000044,50201,0.0002696310984902084
257,51400,-200.0,200,0,0.0050000000000000044,50401,2.6245952540193684e-05
258,51600,-200.0,200,0,0.0050000000000000044,50601,0.00013838490121997893
259,51747,-147.0,147,1,0.0050000000000000044,50748,0.00030213966965675354
260,51947,-200.0,200,0,0.0050000000000000044,50948,0.0003385476302355528
261,52147,-200.0,200,0,0.0050000000000000044,51148,4.938985875924118e-05
262,52347,-200.0,200,0,0.0050000000000000044,51348,0.00028701714472845197
263,52547,-200.0,200,0,0.0050000000000000044,51548,0.0003746317233890295
264,52740,-193.0,193,1,0.0050000000000000044,51741,0.00038100845995359123
265,52940,-200.0,200,0,0.0050000000000000044,51941,8.355733007192612e-05
266,53106,-166.0,166,1,0.0050000000000000044,52107,4.67086247226689e-05
267,53306,-200.0,200,0,0.0050000000000000044,52307,0.00026017165509983897
268,53506,-200.0,200,0,0.0050000000000000044,52507,3.896896669175476e-05
269,53706,-200.0,200,0,0.0050000000000000044,52707,6.762618431821465e-05
270,53906,-200.0,200,0,0.0050000000000000044,52907,2.457369009789545e-05
271,54106,-200.0,200,0,0.0050000000000000044,53107,4.706666004494764e-05
272,54306,-200.0,200,0,0.0050000000000000044,53307,0.003715432481840253
273,54506,-200.0,200,0,0.0050000000000000044,53507,0.0001051581057254225
274,54706,-200.0,200,0,0.0050000000000000044,53707,0.005441688001155853
275,54906,-200.0,200,0,0.0050000000000000044,53907,3.289043888798915e-05
276,55106,-200.0,200,0,0.0050000000000000044,54107,0.00021916684636380523
277,55306,-200.0,200,0,0.0050000000000000044,54307,0.0006397295510396361
278,55506,-200.0,200,0,0.0050000000000000044,54507,0.00048307343968190253
279,55706,-200.0,200,0,0.0050000000000000044,54707,0.0001332593965344131
280,55906,-200.0,200,0,0.0050000000000000044,54907,0.0033856211230158806
281,56106,-200.0,200,0,0.0050000000000000044,55107,0.0002822676033247262
282,56306,-200.0,200,0,0.0050000000000000044,55307,9.95098816929385e-05
283,56506,-200.0,200,0,0.0050000000000000044,55507,0.0005946141318418086
284,56706,-200.0,200,0,0.0050000000000000044,55707,5.3979580115992576e-05
285,56906,-200.0,200,0,0.0050000000000000044,55907,0.00010463882063049823
286,57106,-200.0,200,0,0.0050000000000000044,56107,0.00029217213159427047
287,57306,-200.0,200,0,0.0050000000000000044,56307,0.00021535714040510356
288,57506,-200.0,200,0,0.0050000000000000044,56507,0.0006245786207728088
289,57706,-200.0,200,0,0.0050000000000000044,56707,0.00031969475094228983
290,57906,-200.0,200,0,0.0050000000000000044,56907,0.00027850468177348375
291,58106,-200.0,200,0,0.0050000000000000044,57107,9.565264917910099e-05
292,58306,-200.0,200,0,0.0050000000000000044,57307,0.0002107699547195807
293,58506,-200.0,200,0,0.0050000000000000044,57507,0.003408450400456786
294,58706,-200.0,200,0,0.0050000000000000044,57707,0.0008216598071157932
295,58906,-200.0,200,0,0.0050000000000000044,57907,0.0046761962585151196
296,59106,-200.0,200,0,0.0050000000000000044,58107,0.0026419726200401783
297,59306,-200.0,200,0,0.0050000000000000044,58307,0.00018641960923559964
298,59506,-200.0,200,0,0.0050000000000000044,58507,0.0003533253038767725
299,59706,-200.0,200,0,0.0050000000000000044,58707,8.123919542413205e-05
300,59906,-200.0,200,0,0.0050000000000000044,58907,4.16638285969384e-05
301,60106,-200.0,200,0,0.0050000000000000044,59107,0.0007852521375752985
302,60209,-103.0,103,1,0.0050000000000000044,59210,0.00014857447240501642
303,60388,-179.0,179,1,0.0050000000000000044,59389,0.00011927707237191498
304,60588,-200.0,200,0,0.0050000000000000044,59589,0.0077370512299239635
305,60788,-200.0,200,0,0.0050000000000000044,59789,7.03692203387618e-05
306,60988,-200.0,200,0,0.0050000000000000044,59989,8.506106678396463e-05
307,61188,-200.0,200,0,0.0050000000000000044,60189,0.0003945424687117338
308,61388,-200.0,200,0,0.0050000000000000044,60389,0.0005311713321134448
309,61588,-200.0,200,0,0.0050000000000000044,60589,0.0005527610192075372
310,61788,-200.0,200,0,0.0050000000000000044,60789,0.0002483266871422529
311,61988,-200.0,200,0,0.0050000000000000044,60989,0.000542334804777056
312,62091,-103.0,103,1,0.0050000000000000044,61092,0.0004080532235093415
313,62291,-200.0,200,0,0.0050000000000000044,61292,0.00029685976915061474
314,62491,-200.0,200,0,0.0050000000000000044,61492,0.0005507708992809057
315,62689,-198.0,198,1,0.0050000000000000044,61690,0.0004079794744029641
316,62836,-147.0,147,1,0.0050000000000000044,61837,0.0005301465862430632
317,63013,-177.0,177,1,0.0050000000000000044,62014,0.0009774811333045363
318,63213,-200.0,200,0,0.0050000000000000044,62214,0.0002636392891872674
319,63298,-85.0,85,1,0.0050000000000000044,62299,0.0004926561377942562
320,63469,-171.0,171,1,0.0050000000000000044,62470,0.00032092223409563303
321,63625,-156.0,156,1,0.0050000000000000044,62626,0.0005661376635544002
322,63825,-200.0,200,0,0.0050000000000000044,62826,0.0008254122803919017
323,64025,-200.0,200,0,0.0050000000000000044,63026,4.7461613576160744e-05
324,64225,-200.0,200,0,0.0050000000000000044,63226,0.0005833904724568129
325,64425,-200.0,200,0,0.0050000000000000044,63426,0.0014557339018210769
326,64557,-132.0,132,1,0.0050000000000000044,63558,9.560936450725421e-05
327,64757,-200.0,200,0,0.0050000000000000044,63758,0.0018508477369323373
328,64957,-200.0,200,0,0.0050000000000000044,63958,0.0007464558584615588
329,65145,-188.0,188,1,0.0050000000000000044,64146,0.0013348405482247472
330,65345,-200.0,200,0,0.0050000000000000044,64346,0.001965363509953022
331,65545,-200.0,200,0,0.0050000000000000044,64546,0.00020490409224294126
332,65745,-200.0,200,0,0.0050000000000000044,64746,0.001650739461183548
333,65945,-200.0,200,0,0.0050000000000000044,64946,0.0009490753873251379
334,66145,-200.0,200,0,0.0050000000000000044,65146,0.0023035677149891853
335,66321,-176.0,176,1,0.0050000000000000044,65322,0.001261160708963871
336,66433,-112.0,112,1,0.0050000000000000044,65434,0.00045555655378848314
337,66578,-145.0,145,1,0.0050000000000000044,65579,0.0009743095724843442
338,66778,-200.0,200,0,0.0050000000000000044,65779,0.0011527333408594131
339,66978,-200.0,200,0,0.0050000000000000044,65979,0.0005850758752785623
340,67152,-174.0,174,1,0.0050000000000000044,66153,0.0020411284640431404
341,67352,-200.0,200,0,0.0050000000000000044,66353,0.00586734851822257
342,67491,-139.0,139,1,0.0050000000000000044,66492,0.0012696278281509876
343,67637,-146.0,146,1,0.0050000000000000044,66638,0.0010265745222568512
344,67837,-200.0,200,0,0.0050000000000000044,66838,0.005940000526607037
345,68037,-200.0,200,0,0.0050000000000000044,67038,0.0027426397427916527
346,68206,-169.0,169,1,0.0050000000000000044,67207,0.0017589213093742728
347,68354,-148.0,148,1,0.0050000000000000044,67355,0.001313825836405158
348,68554,-200.0,200,0,0.0050000000000000044,67555,0.006894231773912907
349,68682,-128.0,128,1,0.0050000000000000044,67683,0.0008808810380287468
350,68806,-124.0,124,1,0.0050000000000000044,67807,0.002526714466512203
351,69006,-200.0,200,0,0.0050000000000000044,68007,0.009897901676595211
352,69206,-200.0,200,0,0.0050000000000000044,68207,0.005899693351238966
353,69298,-92.0,92,1,0.0050000000000000044,68299,0.005225000903010368
354,69458,-160.0,160,1,0.0050000000000000044,68459,0.004520281217992306
355,69658,-200.0,200,0,0.0050000000000000044,68659,0.010382747277617455
356,69858,-200.0,200,0,0.0050000000000000044,68859,0.0051388852298259735
357,70058,-200.0,200,0,0.0050000000000000044,69059,0.006057197693735361
358,70160,-102.0,102,1,0.0050000000000000044,69161,0.002228492172434926
359,70360,-200.0,200,0,0.0050000000000000044,69361,0.01121152751147747
360,70560,-200.0,200,0,0.0050000000000000044,69561,0.004529212601482868
361,70743,-183.0,183,1,0.0050000000000000044,69744,0.007408361881971359
362,70865,-122.0,122,1,0.0050000000000000044,69866,0.0026832621078938246
363,71065,-200.0,200,0,0.0050000000000000044,70066,0.005983510985970497
364,71160,-95.0,95,1,0.0050000000000000044,70161,0.007364429533481598
365,71330,-170.0,170,1,0.0050000000000000044,70331,0.008781158365309238
366,71516,-186.0,186,1,0.0050000000000000044,70517,0.008972685784101486
367,71716,-200.0,200,0,0.0050000000000000044,70717,0.008999334648251534
368,71905,-189.0,189,1,0.0050000000000000044,70906,0.00991649180650711
369,72073,-168.0,168,1,0.0050000000000000044,71074,0.023616448044776917
370,72195,-122.0,122,1,0.0050000000000000044,71196,0.015314511954784393
371,72367,-172.0,172,1,0.0050000000000000044,71368,0.010777654126286507
372,72567,-200.0,200,0,0.0050000000000000044,71568,0.01093444973230362
373,72767,-200.0,200,0,0.0050000000000000044,71768,0.012335987761616707
374,72863,-96.0,96,1,0.0050000000000000044,71864,0.012059473432600498
375,72978,-115.0,115,1,0.0050000000000000044,71979,0.005991674028337002
376,73062,-84.0,84,1,0.0050000000000000044,72063,0.020900655537843704
377,73259,-197.0,197,1,0.0050000000000000044,72260,0.006212765816599131
378,73424,-165.0,165,1,0.0050000000000000044,72425,0.01177830807864666
379,73570,-146.0,146,1,0.0050000000000000044,72571,0.04880489781498909
380,73764,-194.0,194,1,0.0050000000000000044,72765,0.013650277629494667
381,73926,-162.0,162,1,0.0050000000000000044,72927,0.012699548155069351
382,74086,-160.0,160,1,0.0050000000000000044,73087,0.022206317633390427
383,74280,-194.0,194,1,0.0050000000000000044,73281,0.011320898309350014
384,74434,-154.0,154,1,0.0050000000000000044,73435,0.01510898768901825
385,74601,-167.0,167,1,0.0050000000000000044,73602,0.05422139912843704
386,74756,-155.0,155,1,0.0050000000000000044,73757,0.05090666562318802
387,74878,-122.0,122,1,0.0050000000000000044,73879,0.01820206269621849
388,75039,-161.0,161,1,0.0050000000000000044,74040,0.011396086774766445
389,75212,-173.0,173,1,0.0050000000000000044,74213,0.05217257887125015
390,75372,-160.0,160,1,0.0050000000000000044,74373,0.04228239506483078
391,75480,-108.0,108,1,0.0050000000000000044,74481,0.043244797736406326
392,75638,-158.0,158,1,0.0050000000000000044,74639,0.05786021053791046
393,75794,-156.0,156,1,0.0050000000000000044,74795,0.0420224592089653
394,75886,-92.0,92,1,0.0050000000000000044,74887,0.037605900317430496
395,76039,-153.0,153,1,0.0050000000000000044,75040,0.048588015139102936
396,76191,-152.0,152,1,0.0050000000000000044,75192,0.03547268360853195
397,76279,-88.0,88,1,0.0050000000000000044,75280,0.07100556790828705
398,76363,-84.0,84,1,0.0050000000000000044,75364,0.05273512750864029
399,76449,-86.0,86,1,0.0050000000000000044,75450,0.07804059237241745
400,76605,-156.0,156,1,0.0050000000000000044,75606,0.1636132001876831
401,76768,-163.0,163,1,0.0050000000000000044,75769,0.06366140395402908
402,76949,-181.0,181,1,0.0050000000000000044,75950,0.07443365454673767
403,77045,-96.0,96,1,0.0050000000000000044,76046,0.03948395699262619
404,77225,-180.0,180,1,0.0050000000000000044,76226,0.044340986758470535
405,77322,-97.0,97,1,0.0050000000000000044,76323,0.09463825821876526
406,77491,-169.0,169,1,0.0050000000000000044,76492,0.11033006012439728
407,77622,-131.0,131,1,0.0050000000000000044,76623,0.05996314808726311
408,77711,-89.0,89,1,0.0050000000000000044,76712,0.07065732777118683
409,77872,-161.0,161,1,0.0050000000000000044,76873,0.07348966598510742
410,78025,-153.0,153,1,0.0050000000000000044,77026,0.06905841082334518
411,78114,-89.0,89,1,0.0050000000000000044,77115,0.0769338607788086
412,78267,-153.0,153,1,0.0050000000000000044,77268,0.04832838103175163
413,78445,-178.0,178,1,0.0050000000000000044,77446,0.05375068262219429
414,78603,-158.0,158,1,0.0050000000000000044,77604,0.05889188125729561
415,78759,-156.0,156,1,0.0050000000000000044,77760,0.09322798252105713
416,78952,-193.0,193,1,0.0050000000000000044,77953,0.8145071864128113
417,79110,-158.0,158,1,0.0050000000000000044,78111,0.1113855242729187
418,79204,-94.0,94,1,0.0050000000000000044,78205,0.08121970295906067
419,79404,-200.0,200,0,0.0050000000000000044,78405,1.0531249046325684
420,79492,-88.0,88,1,0.0050000000000000044,78493,0.06851844489574432
421,79578,-86.0,86,1,0.0050000000000000044,78579,0.7157140374183655
422,79663,-85.0,85,1,0.0050000000000000044,78664,0.03819536790251732
423,79827,-164.0,164,1,0.0050000000000000044,78828,0.15344573557376862
424,79914,-87.0,87,1,0.0050000000000000044,78915,0.04619723558425903
425,80114,-200.0,200,0,0.0050000000000000044,79115,0.08178792893886566
426,80278,-164.0,164,1,0.0050000000000000044,79279,0.09141245484352112
427,80451,-173.0,173,1,0.0050000000000000044,79452,0.1008857786655426
428,80616,-165.0,165,1,0.0050000000000000044,79617,1.3323142528533936
429,80816,-200.0,200,0,0.0050000000000000044,79817,0.0744965597987175
430,80980,-164.0,164,1,0.0050000000000000044,79981,0.17711055278778076
431,81145,-165.0,165,1,0.0050000000000000044,80146,0.09220828115940094
432,81313,-168.0,168,1,0.0050000000000000044,80314,0.11598320305347443
433,81483,-170.0,170,1,0.0050000000000000044,80484,0.07375362515449524
434,81683,-200.0,200,0,0.0050000000000000044,80684,0.061473626643419266
435,81836,-153.0,153,1,0.0050000000000000044,80837,0.08130061626434326
436,81942,-106.0,106,1,0.0050000000000000044,80943,0.9194904565811157
437,82104,-162.0,162,1,0.0050000000000000044,81105,0.0665927603840828
438,82260,-156.0,156,1,0.0050000000000000044,81261,0.11833574622869492
439,82360,-100.0,100,1,0.0050000000000000044,81361,0.08184157311916351
440,82477,-117.0,117,1,0.0050000000000000044,81478,0.15214334428310394
441,82574,-97.0,97,1,0.0050000000000000044,81575,0.0728704035282135
442,82691,-117.0,117,1,0.0050000000000000044,81692,0.1572575569152832
443,82835,-144.0,144,1,0.0050000000000000044,81836,0.08525732159614563
444,83035,-200.0,200,0,0.0050000000000000044,82036,0.10798922181129456
445,83204,-169.0,169,1,0.0050000000000000044,82205,0.8073921799659729
446,83321,-117.0,117,1,0.0050000000000000044,82322,0.16018140316009521
447,83462,-141.0,141,1,0.0050000000000000044,82463,0.09308402240276337
448,83614,-152.0,152,1,0.0050000000000000044,82615,0.1494971513748169
449,83794,-180.0,180,1,0.0050000000000000044,82795,0.13141785562038422
450,83910,-116.0,116,1,0.0050000000000000044,82911,0.5836254954338074
451,84057,-147.0,147,1,0.0050000000000000044,83058,0.0869825929403305
452,84177,-120.0,120,1,0.0050000000000000044,83178,0.10320647060871124
453,84294,-117.0,117,1,0.0050000000000000044,83295,0.06332625448703766
454,84414,-120.0,120,1,0.0050000000000000044,83415,0.0992845967411995
455,84567,-153.0,153,1,0.0050000000000000044,83568,0.07540717720985413
456,84686,-119.0,119,1,0.0050000000000000044,83687,0.11191956698894501
457,84804,-118.0,118,1,0.0050000000000000044,83805,0.05588822811841965
458,85004,-200.0,200,0,0.0050000000000000044,84005,0.2790257930755615
459,85128,-124.0,124,1,0.0050000000000000044,84129,0.16409704089164734
460,85328,-200.0,200,0,0.0050000000000000044,84329,0.12383423000574112
461,85443,-115.0,115,1,0.0050000000000000044,84444,0.11146298050880432
462,85570,-127.0,127,1,0.0050000000000000044,84571,0.33328014612197876
463,85686,-116.0,116,1,0.0050000000000000044,84687,0.12457358092069626
464,85826,-140.0,140,1,0.0050000000000000044,84827,0.13472892343997955
465,85947,-121.0,121,1,0.0050000000000000044,84948,0.062261514365673065
466,86067,-120.0,120,1,0.0050000000000000044,85068,0.11068707704544067
467,86216,-149.0,149,1,0.0050000000000000044,85217,0.10912024974822998
468,86344,-128.0,128,1,0.0050000000000000044,85345,0.10017719119787216
469,86521,-177.0,177,1,0.0050000000000000044,85522,0.09869236499071121
470,86721,-200.0,200,0,0.0050000000000000044,85722,0.15862011909484863
471,86837,-116.0,116,1,0.0050000000000000044,85838,0.15026137232780457
472,86958,-121.0,121,1,0.0050000000000000044,85959,0.20372238755226135
473,87138,-180.0,180,1,0.0050000000000000044,86139,0.2795548439025879
474,87306,-168.0,168,1,0.0050000000000000044,86307,0.23408836126327515
475,87456,-150.0,150,1,0.0050000000000000044,86457,0.08403566479682922
476,87573,-117.0,117,1,0.0050000000000000044,86574,0.07340477406978607
477,87719,-146.0,146,1,0.0050000000000000044,86720,0.15344488620758057
478,87833,-114.0,114,1,0.0050000000000000044,86834,0.11753261089324951
479,87977,-144.0,144,1,0.0050000000000000044,86978,0.1299755573272705
480,88067,-90.0,90,1,0.0050000000000000044,87068,0.09557516127824783
481,88208,-141.0,141,1,0.0050000000000000044,87209,0.2049601972103119
482,88350,-142.0,142,1,0.0050000000000000044,87351,0.10607545077800751
483,88490,-140.0,140,1,0.0050000000000000044,87491,0.11622695624828339
484,88593,-103.0,103,1,0.0050000000000000044,87594,0.14374762773513794
485,88736,-143.0,143,1,0.0050000000000000044,87737,0.15403112769126892
486,88889,-153.0,153,1,0.0050000000000000044,87890,0.15394344925880432
487,88976,-87.0,87,1,0.0050000000000000044,87977,0.17650756239891052
488,89116,-140.0,140,1,0.0050000000000000044,88117,0.10492755472660065
489,89266,-150.0,150,1,0.0050000000000000044,88267,0.091427281498909
490,89356,-90.0,90,1,0.0050000000000000044,88357,0.1045774519443512
491,89497,-141.0,141,1,0.0050000000000000044,88498,0.12456965446472168
492,89664,-167.0,167,1,0.0050000000000000044,88665,0.16440746188163757
493,89827,-163.0,163,1,0.0050000000000000044,88828,0.15616655349731445
494,89912,-85.0,85,1,0.0050000000000000044,88913,0.12804222106933594
495,90064,-152.0,152,1,0.0050000000000000044,89065,0.08491495251655579
496,90224,-160.0,160,1,0.0050000000000000044,89225,0.11983543634414673
497,90391,-167.0,167,1,0.0050000000000000044,89392,0.21542704105377197
498,90503,-112.0,112,1,0.0050000000000000044,89504,0.1708626002073288
499,90615,-112.0,112,1,0.0050000000000000044,89616,0.1438148319721222
500,90708,-93.0,93,1,0.0050000000000000044,89709,0.40707311034202576
501,90792,-84.0,84,1,0.0050000000000000044,89793,0.1603323519229889
502,90955,-163.0,163,1,0.0050000000000000044,89956,0.1271599531173706
503,91068,-113.0,113,1,0.0050000000000000044,90069,0.11812141537666321
504,91182,-114.0,114,1,0.0050000000000000044,90183,0.2798032760620117
505,91273,-91.0,91,1,0.0050000000000000044,90274,0.33821800351142883
506,91384,-111.0,111,1,0.0050000000000000044,90385,0.13731089234352112
507,91498,-114.0,114,1,0.0050000000000000044,90499,0.09368002414703369
508,91609,-111.0,111,1,0.0050000000000000044,90610,0.08968739211559296
509,91723,-114.0,114,1,0.0050000000000000044,90724,0.09807603806257248
510,91809,-86.0,86,1,0.0050000000000000044,90810,0.08601684868335724
511,91921,-112.0,112,1,0.0050000000000000044,90922,0.10342924296855927
512,92035,-114.0,114,1,0.0050000000000000044,91036,0.1274789273738861
513,92119,-84.0,84,1,0.0050000000000000044,91120,0.26455628871917725
514,92231,-112.0,112,1,0.0050000000000000044,91232,0.06894680857658386
515,92325,-94.0,94,1,0.0050000000000000044,91326,0.09929599612951279
516,92413,-88.0,88,1,0.0050000000000000044,91414,0.13809332251548767
517,92571,-158.0,158,1,0.0050000000000000044,91572,0.1059371680021286
518,92661,-90.0,90,1,0.0050000000000000044,91662,0.11618861556053162
519,92769,-108.0,108,1,0.0050000000000000044,91770,0.08056943118572235
520,92872,-103.0,103,1,0.0050000000000000044,91873,0.12178745120763779
521,92977,-105.0,105,1,0.0050000000000000044,91978,0.23318034410476685
522,93086,-109.0,109,1,0.0050000000000000044,92087,0.1167244166135788
523,93193,-107.0,107,1,0.0050000000000000044,92194,0.09557240456342697
524,93301,-108.0,108,1,0.0050000000000000044,92302,0.11903595179319382
525,93385,-84.0,84,1,0.0050000000000000044,92386,0.2137555032968521
526,93492,-107.0,107,1,0.0050000000000000044,92493,0.07386073470115662
527,93583,-91.0,91,1,0.0050000000000000044,92584,0.09812738001346588
528,93674,-91.0,91,1,0.0050000000000000044,92675,0.07433955371379852
529,93838,-164.0,164,1,0.0050000000000000044,92839,0.15946736931800842
530,93934,-96.0,96,1,0.0050000000000000044,92935,0.14083817601203918
531,94042,-108.0,108,1,0.0050000000000000044,93043,0.2422105371952057
532,94156,-114.0,114,1,0.0050000000000000044,93157,0.07651698589324951
533,94264,-108.0,108,1,0.0050000000000000044,93265,0.11659444123506546
534,94377,-113.0,113,1,0.0050000000000000044,93378,0.10655420273542404
535,94467,-90.0,90,1,0.0050000000000000044,93468,0.05464676767587662
536,94565,-98.0,98,1,0.0050000000000000044,93566,0.09161849319934845
537,94676,-111.0,111,1,0.0050000000000000044,93677,0.11135850846767426
538,94792,-116.0,116,1,0.0050000000000000044,93793,0.24677112698554993
539,94904,-112.0,112,1,0.0050000000000000044,93905,0.07479096204042435
540,95071,-167.0,167,1,0.0050000000000000044,94072,0.040526848286390305
541,95189,-118.0,118,1,0.0050000000000000044,94190,0.0615508072078228
542,95301,-112.0,112,1,0.0050000000000000044,94302,0.06614166498184204
543,95390,-89.0,89,1,0.0050000000000000044,94391,0.06744524836540222
544,95546,-156.0,156,1,0.0050000000000000044,94547,0.06960300356149673
545,95701,-155.0,155,1,0.0050000000000000044,94702,0.09378911554813385
546,95859,-158.0,158,1,0.0050000000000000044,94860,0.08704680949449539
547,95946,-87.0,87,1,0.0050000000000000044,94947,0.08347289264202118
548,96047,-101.0,101,1,0.0050000000000000044,95048,0.2955980896949768
549,96220,-173.0,173,1,0.0050000000000000044,95221,0.09203314036130905
550,96375,-155.0,155,1,0.0050000000000000044,95376,0.169845312833786
551,96526,-151.0,151,1,0.0050000000000000044,95527,0.13878457248210907
552,96623,-97.0,97,1,0.0050000000000000044,95624,0.401721328496933
553,96777,-154.0,154,1,0.0050000000000000044,95778,0.07648231089115143
554,96941,-164.0,164,1,0.0050000000000000044,95942,0.06317940354347229
555,97123,-182.0,182,1,0.0050000000000000044,96124,0.06614682823419571
556,97214,-91.0,91,1,0.0050000000000000044,96215,0.0631040632724762
557,97298,-84.0,84,1,0.0050000000000000044,96299,0.10887107253074646
558,97392,-94.0,94,1,0.0050000000000000044,96393,0.05095640942454338
559,97539,-147.0,147,1,0.0050000000000000044,96540,0.23665407299995422
560,97627,-88.0,88,1,0.0050000000000000044,96628,0.049028780311346054
561,97768,-141.0,141,1,0.0050000000000000044,96769,0.07277056574821472
562,97913,-145.0,145,1,0.0050000000000000044,96914,0.08726067841053009
563,98059,-146.0,146,1,0.0050000000000000044,97060,0.037200868129730225
564,98165,-106.0,106,1,0.0050000000000000044,97166,0.1037571132183075
565,98255,-90.0,90,1,0.0050000000000000044,97256,0.055966585874557495
566,98370,-115.0,115,1,0.0050000000000000044,97371,0.1004757434129715
567,98537,-167.0,167,1,0.0050000000000000044,97538,0.06016310676932335
568,98735,-198.0,198,1,0.0050000000000000044,97736,0.039756327867507935
569,98844,-109.0,109,1,0.0050000000000000044,97845,0.1048755943775177
570,98947,-103.0,103,1,0.0050000000000000044,97948,0.06322385370731354
571,99060,-113.0,113,1,0.0050000000000000044,98061,0.04423031210899353
572,99147,-87.0,87,1,0.0050000000000000044,98148,0.08039598166942596
573,99262,-115.0,115,1,0.0050000000000000044,98263,0.06966321915388107
574,99346,-84.0,84,1,0.0050000000000000044,98347,0.06040852516889572
575,99461,-115.0,115,1,0.0050000000000000044,98462,0.12032302469015121
576,99577,-116.0,116,1,0.0050000000000000044,98578,0.07176963984966278
577,99691,-114.0,114,1,0.0050000000000000044,98692,0.24451075494289398
578,99808,-117.0,117,1,0.0050000000000000044,98809,0.08968278765678406
579,99896,-88.0,88,1,0.0050000000000000044,98897,0.02897956594824791
