episode,env_step,return,length,success,epsilon,greedy_actions,exploratory_actions,condition_triggers,gradient_steps_so_far,latest_loss
1,200,-200.0,200,0,0.9960399,2,198,0,0,
2,400,-200.0,200,0,0.9920599,0,200,0,0,
3,600,-200.0,200,0,0.9880799,5,195,0,0,
4,800,-200.0,200,0,0.9840999,2,198,0,0,
5,1000,-200.0,200,0,0.9801199,5,195,0,1,0.4523613452911377
6,1200,-200.0,200,0,0.9761399,5,195,2,201,0.00013044333900325
7,1400,-200.0,200,0,0.9721599,6,194,0,401,0.00011170556535944343
8,1600,-200.0,200,0,0.9681799,4,196,0,601,0.00013539777137339115
9,1800,-200.0,200,0,0.9641999,7,193,0,801,3.0348674044944346e-06
10,2000,-200.0,200,0,0.9602199,7,193,0,1001,7.871857087593526e-05
11,2200,-200.0,200,0,0.9562399,10,190,0,1201,5.099584086565301e-05
12,2400,-200.0,200,0,0.9522599,6,194,0,1401,3.7274963688105345e-05
13,2600,-200.0,200,0,0.9482799,7,193,0,1601,4.8171874368563294e-05
14,2800,-200.0,200,0,0.9442999,9,191,0,1801,3.4509961551520973e-05
15,3000,-200.0,200,0,0.9403199,11,189,0,2001,2.0304578356444836e-05
16,3200,-200.0,200,0,0.9363399,8,192,0,2201,2.4584620405221358e-05
17,3400,-200.0,200,0,0.9323599,11,189,0,2401,1.3147730896889698e-05
18,3600,-200.0,200,0,0.9283799,16,184,0,2601,1.795653770386707e-05
19,3800,-200.0,200,0,0.9243999,15,185,0,2801,2.2852482288726605e-05
20,4000,-200.0,200,0,0.9204199,19,181,0,3001,1.81005489139352e-05
21,4200,-200.0,200,0,0.9164399,15,185,0,3201,1.776179124135524e-05
22,4400,-200.0,200,0,0.9124599,18,182,0,3401,1.4706167348776944e-05
23,4600,-200.0,200,0,0.9084799,18,182,0,3601,9.292496542911977e-06
24,4800,-200.0,200,0,0.9044999,15,185,0,3801,1.069845075107878e-05
25,5000,-200.0,200,0,0.9005199,23,177,0,4001,7.645934601896442e-06
26,5200,-200.0,200,0,0.8965399000000001,21,179,0,4201,1.347585566691123e-05
27,5400,-200.0,200,0,0.8925599,23,177,0,4401,6.953166121093091e-06
28,5600,-200.0,200,0,0.8885799,26,174,0,4601,1.2535785572254099e-05
29,5800,-200.0,200,0,0.8845999,26,174,0,4801,1.1308266039122827e-05
30,6000,-200.0,200,0,0.8806199,20,180,0,5001,2.1817821107106283e-05
31,6200,-200.0,200,0,0.8766399,21,179,0,5201,1.161227010015864e-05
32,6400,-200.0,200,0,0.8726598999999999,33,167,0,5401,3.732998948180466e-06
33,6600,-200.0,200,0,0.8686799000000001,22,178,0,5601,1.27300554595422e-05
34,6800,-200.0,200,0,0.8646999,23,177,0,5801,4.894586254522437e-06
35,7000,-200.0,200,0,0.8607199,34,166,0,6001,5.795400738861645e-06
36,7200,-200.0,200,0,0.8567399,25,175,0,6201,4.560391516861273e-06
37,7400,-200.0,200,0,0.8527599,32,168,0,6401,1.1751601959986147e-05
38,7600,-200.0,200,0,0.8487799,33,167,0,6601,5.675973625329789e-06
39,7800,-200.0,200,0,0.8447998999999999,38,162,0,6801,2.566733883213601e-06
40,8000,-200.0,200,0,0.8408199,31,169,0,7001,7.171797733462881e-06
41,8200,-200.0,200,0,0.8368399,20,180,0,7201,3.92677520721918e-06
42,8400,-200.0,200,0,0.8328599,28,172,0,7401,1.1484982678666711e-05
43,8600,-200.0,200,0,0.8288799,29,171,0,7601,2.9237855414976366e-05
44,8800,-200.0,200,0,0.8248999,38,162,0,7801,9.20832189876819e-06
45,9000,-200.0,200,0,0.8209199,31,169,0,8001,1.4278594790084753e-05
46,9200,-200.0,200,0,0.8169398999999999,30,170,0,8201,1.4481184734904673e-05
47,9400,-200.0,200,0,0.8129599,48,152,0,8401,2.356032928219065e-05
48,9600,-200.0,200,0,0.8089799,37,163,0,8601,7.67608162277611e-06
49,9800,-200.0,200,0,0.8049999,40,160,0,8801,1.8868395272875205e-05
50,10000,-200.0,200,0,0.8010199,39,161,0,9001,2.5728983018780127e-05
51,10200,-200.0,200,0,0.7970399,40,160,0,9201,1.7583097360329702e-05
52,10400,-200.0,200,0,0.7930599,41,159,0,9401,1.1032792599507957e-06
53,10600,-200.0,200,0,0.7890799,46,154,0,9601,5.634025001199916e-06
54,10800,-200.0,200,0,0.7850999,39,161,0,9801,1.2948505172971636e-05
55,11000,-200.0,200,0,0.7811199,47,153,0,10001,1.3331026821106207e-05
56,11200,-200.0,200,0,0.7771399,43,157,0,10201,1.3933728041592985e-05
57,11400,-200.0,200,0,0.7731599,40,160,0,10401,1.0885347364819609e-05
58,11600,-200.0,200,0,0.7691799,38,162,0,10601,7.156460014812183e-06
59,11800,-200.0,200,0,0.7651999,45,155,0,10801,2.6833540687221102e-06
60,12000,-200.0,200,0,0.7612199,49,151,0,11001,4.691851063398644e-05
61,12200,-200.0,200,0,0.7572399,54,146,0,11201,6.794490764150396e-05
62,12400,-200.0,200,0,0.7532599,51,149,0,11401,1.8695696780923754e-05
63,12600,-200.0,200,0,0.7492799,48,152,0,11601,3.054467379115522e-05
64,12800,-200.0,200,0,0.7452999,54,146,0,11801,2.8645110432989895e-05
65,13000,-200.0,200,0,0.7413199,47,153,0,12001,2.639837930473732e-06
66,13200,-200.0,200,0,0.7373399,52,148,0,12201,2.744227458606474e-05
67,13400,-200.0,200,0,0.7333599,53,147,0,12401,3.921306415577419e-05
68,13600,-200.0,200,0,0.7293799000000001,48,152,0,12601,7.702149559918325e-06
69,13800,-200.0,200,0,0.7253999,52,148,0,12801,1.8021284631686285e-05
70,14000,-200.0,200,0,0.7214199,65,135,0,13001,2.792545456031803e-05
71,14200,-200.0,200,0,0.7174399,55,145,0,13201,7.077371992636472e-05
72,14400,-200.0,200,0,0.7134598999999999,54,146,0,13401,2.0251605747034773e-05
73,14600,-200.0,200,0,0.7094799,51,149,0,13601,3.4932640119222924e-05
74,14800,-200.0,200,0,0.7054999,38,162,0,13801,2.999418393301312e-05
75,15000,-200.0,200,0,0.7015199,65,135,0,14001,1.147292732639471e-05
76,15200,-200.0,200,0,0.6975399,62,138,0,14201,1.459675513615366e-05
77,15400,-200.0,200,0,0.6935599,60,140,0,14401,1.833027636166662e-05
78,15600,-200.0,200,0,0.6895799,60,140,0,14601,1.7950811525224708e-05
79,15800,-200.0,200,0,0.6855999,64,136,0,14801,7.512511365348473e-05
80,16000,-200.0,200,0,0.6816199000000001,64,136,0,15001,6.166028015286429e-06
81,16200,-200.0,200,0,0.6776399,76,124,0,15201,5.274986688164063e-05
82,16400,-200.0,200,0,0.6736599000000001,64,136,0,15401,2.8515867597889155e-05
83,16600,-200.0,200,0,0.6696799,63,137,0,15601,7.74555064708693e-06
84,16800,-200.0,200,0,0.6656999,68,132,0,15801,3.580733755370602e-05
85,17000,-200.0,200,0,0.6617199,68,132,0,16001,6.842071888968349e-05
86,17200,-200.0,200,0,0.6577398999999999,68,132,0,16201,4.023238579975441e-05
87,17400,-200.0,200,0,0.6537599000000001,61,139,0,16401,7.24491837900132e-05
88,17600,-200.0,200,0,0.6497799,72,128,0,16601,3.8754027627874166e-05
89,17800,-200.0,200,0,0.6457999,71,129,0,16801,1.6099018466775306e-05
90,18000,-200.0,200,0,0.6418199,78,122,0,17001,9.653747838456184e-06
91,18200,-200.0,200,0,0.6378398999999999,66,134,0,17201,2.2963169612921774e-05
92,18400,-200.0,200,0,0.6338599,75,125,0,17401,6.490923624369316e-06
93,18600,-200.0,200,0,0.6298799,66,134,0,17601,3.08806229440961e-05
94,18800,-200.0,200,0,0.6258999000000001,67,133,0,17801,1.5434921806445345e-05
95,19000,-200.0,200,0,0.6219199,88,112,0,18001,2.3216300178319216e-05
96,19200,-200.0,200,0,0.6179399,76,124,0,18201,6.044237670721486e-05
97,19400,-200.0,200,0,0.6139599,68,132,0,18401,1.4188526620273478e-05
98,19600,-200.0,200,0,0.6099799,85,115,0,18601,3.556602314347401e-05
99,19800,-200.0,200,0,0.6059999,77,123,0,18801,3.826288229902275e-05
100,20000,-200.0,200,0,0.6020198999999999,85,115,0,19001,4.0434864786220714e-05
101,20200,-200.0,200,0,0.5980399000000001,91,109,0,19201,4.151074244873598e-05
102,20400,-200.0,200,0,0.5940599,81,119,0,19401,5.799791688332334e-05
103,20600,-200.0,200,0,0.5900799,86,114,0,19601,2.672522168722935e-05
104,20800,-200.0,200,0,0.5860999,78,122,0,19801,3.901179297827184e-05
105,21000,-200.0,200,0,0.5821198999999999,87,113,0,20001,2.158412098651752e-05
106,21200,-200.0,200,0,0.5781399,88,112,0,20201,4.63831820525229e-05
107,21400,-200.0,200,0,0.5741599,81,119,0,20401,3.177740654791705e-05
108,21600,-200.0,200,0,0.5701799000000001,85,115,0,20601,9.394817607244477e-05
109,21800,-200.0,200,0,0.5661999,87,113,0,20801,5.2870695071760565e-05
110,22000,-200.0,200,0,0.5622199,94,106,0,21001,5.2003884775331244e-05
111,22200,-200.0,200,0,0.5582399,90,110,0,21201,0.00011809068382717669
112,22400,-200.0,200,0,0.5542599,86,114,0,21401,1.6788306311354972e-05
113,22600,-200.0,200,0,0.5502799,82,118,0,21601,8.658583283249754e-06
114,22800,-200.0,200,0,0.5462999,82,118,0,21801,4.423851351020858e-05
115,23000,-200.0,200,0,0.5423199000000001,85,115,0,22001,1.952593811438419e-05
116,23200,-200.0,200,0,0.5383399,103,97,0,22201,7.067184924380854e-05
117,23400,-200.0,200,0,0.5343599,94,106,0,22401,2.138389572792221e-05
118,23600,-200.0,200,0,0.5303799,83,117,0,22601,8.153190719895065e-06
119,23800,-200.0,200,0,0.5263998999999999,82,118,0,22801,2.2158079445944168e-05
120,24000,-200.0,200,0,0.5224199,95,105,0,23001,1.6671277990099043e-05
121,24200,-200.0,200,0,0.5184399,89,111,0,23201,9.381335985381156e-05
122,24400,-200.0,200,0,0.5144599,98,102,0,23401,0.0001915841130539775
123,24600,-200.0,200,0,0.5104799,95,105,0,23601,1.0495394235476851e-05
124,24800,-200.0,200,0,0.5064999,94,106,0,23801,1.846485974965617e-05
125,25000,-200.0,200,0,0.5025199,85,115,0,24001,1.6667041563778184e-05
126,25200,-200.0,200,0,0.49853990000000004,98,102,0,24201,2.1045190806034952e-05
127,25400,-200.0,200,0,0.49455990000000005,96,104,0,24401,4.663824802264571e-05
128,25600,-200.0,200,0,0.49057989999999996,101,99,0,24601,8.015304047148675e-06
129,25800,-200.0,200,0,0.4865999,104,96,0,24801,3.8743157347198576e-05
130,26000,-200.0,200,0,0.4826199,102,98,0,25001,3.840602585114539e-05
131,26200,-200.0,200,0,0.4786399,117,83,0,25201,6.92414096192806e-06
132,26400,-200.0,200,0,0.4746599,105,95,0,25401,2.0465513443923555e-05
133,26600,-200.0,200,0,0.47067990000000004,104,96,0,25601,9.999058966059238e-05
134,26800,-200.0,200,0,0.46669989999999995,111,89,0,25801,5.768779828940751e-06
135,27000,-200.0,200,0,0.46271989999999996,100,100,0,26001,9.528659575153142e-06
136,27200,-200.0,200,0,0.4587399,111,89,0,26201,2.577665691205766e-05
137,27400,-200.0,200,0,0.4547599,97,103,0,26401,1.673998121987097e-05
138,27600,-200.0,200,0,0.4507799,109,91,0,26601,2.104232771671377e-05
139,27800,-200.0,200,0,0.4467999,106,94,0,26801,3.2359937904402614e-05
140,28000,-200.0,200,0,0.44281989999999993,118,82,0,27001,8.216749847633764e-06
141,28194,-194.0,194,1,0.43895929999999994,111,83,0,27195,0.00010629532334860414
142,28394,-200.0,200,0,0.43497929999999996,107,93,0,27395,2.7261330615147017e-05
143,28594,-200.0,200,0,0.4309993,132,68,0,27595,3.26973240589723e-05
144,28794,-200.0,200,0,0.4270193,104,96,0,27795,1.4819142961641774e-05
145,28994,-200.0,200,0,0.4230393,112,88,0,27995,8.094837539829314e-06
146,29194,-200.0,200,0,0.4190592999999999,107,93,0,28195,8.319511834997684e-05
147,29394,-200.0,200,0,0.41507929999999993,109,91,0,28395,2.107050022459589e-05
148,29594,-200.0,200,0,0.41109929999999995,127,73,0,28595,2.4187815142795444e-05
149,29794,-200.0,200,0,0.4071193000000001,121,79,0,28795,2.80145959550282e-05
150,29994,-200.0,200,0,0.4031393000000001,115,85,0,28995,9.593517461325973e-05
151,30194,-200.0,200,0,0.3991593,130,70,0,29195,1.5943858670652844e-05
152,30394,-200.0,200,0,0.3951793,119,81,0,29395,2.6145730771531817e-06
153,30594,-200.0,200,0,0.3911993,120,80,0,29595,2.7605296054389328e-05
154,30794,-200.0,200,0,0.38721930000000004,111,89,0,29795,1.9804658222710714e-05
155,30994,-200.0,200,0,0.38323930000000006,114,86,0,29995,4.203617208986543e-06
156,31194,-200.0,200,0,0.3792593000000001,129,71,0,30195,6.145737643237226e-06
157,31394,-200.0,200,0,0.3752793,126,74,0,30395,2.6857969714910723e-05
158,31594,-200.0,200,0,0.3712993,128,72,0,30595,3.445445327088237e-05
159,31794,-200.0,200,0,0.3673193,124,76,0,30795,2.639665581227746e-05
160,31994,-200.0,200,0,0.36333930000000003,131,69,0,30995,3.7275799513736274e-06
161,32194,-200.0,200,0,0.35935930000000005,128,72,0,31195,2.1765677956864238e-05
162,32394,-200.0,200,0,0.35537930000000006,127,73,0,31395,1.992787656490691e-05
163,32594,-200.0,200,0,0.35139929999999997,129,71,0,31595,2.9992166673764586e-05
164,32794,-200.0,200,0,0.3474193,129,71,0,31795,5.172108649276197e-05
165,32994,-200.0,200,0,0.3434393,133,67,0,31995,8.454038834315725e-06
166,33194,-200.0,200,0,0.3394593,135,65,0,32195,3.8125152059365064e-05
167,33394,-200.0,200,0,0.33547930000000004,134,66,0,32395,8.616028935648501e-05
168,33594,-200.0,200,0,0.33149929999999994,128,72,0,32595,0.00011983486911049113
169,33794,-200.0,200,0,0.32751929999999996,116,84,0,32795,1.762941428751219e-05
170,33994,-200.0,200,0,0.3235393,145,55,0,32995,3.650946746347472e-05
171,34194,-200.0,200,0,0.3195593,131,69,0,33195,2.5293284124927595e-05
172,34394,-200.0,200,0,0.3155793,139,61,0,33395,5.177073035156354e-05
173,34594,-200.0,200,0,0.3115993,137,63,0,33595,5.472000793815823e-06
174,34755,-161.0,161,1,0.3083954,112,49,0,33756,2.046428926405497e-05
175,34955,-200.0,200,0,0.3044154,137,63,0,33956,3.867780469590798e-05
176,35123,-168.0,168,1,0.3010722,110,58,0,34124,0.00010972778545692563
177,35323,-200.0,200,0,0.29709220000000003,136,64,0,34324,6.024023605277762e-05
178,35523,-200.0,200,0,0.29311220000000004,153,47,0,34524,0.00035865159588865936
179,35723,-200.0,200,0,0.28913220000000006,145,55,0,34724,6.781914999010041e-05
180,35923,-200.0,200,0,0.2851522000000001,137,63,0,34924,2.54625738307368e-05
181,36123,-200.0,200,0,0.2811722,137,63,0,35124,5.90108975302428e-05
182,36323,-200.0,200,0,0.2771922,141,59,0,35324,2.9206355975475162e-05
183,36523,-200.0,200,0,0.2732122,142,58,0,35524,8.622945460956544e-05
184,36723,-200.0,200,0,0.26923220000000003,151,49,0,35724,5.1596915000118315e-05
185,36923,-200.0,200,0,0.26525220000000005,142,58,0,35924,3.83185688406229e-05
186,37123,-200.0,200,0,0.26127220000000007,154,46,0,36124,0.001067768200300634
187,37323,-200.0,200,0,0.25729219999999997,148,52,0,36324,0.0009262279490940273
188,37523,-200.0,200,0,0.2533122,153,47,0,36524,1.14613676071167
189,37723,-200.0,200,0,0.2493322,143,57,0,36724,0.00029384245863184333
190,37923,-200.0,200,0,0.24535220000000002,155,45,0,36924,8.790245919954032e-05
191,38123,-200.0,200,0,0.24137220000000004,149,51,0,37124,0.00042053236393257976
192,38323,-200.0,200,0,0.23739219999999994,158,42,0,37324,9.365203732158989e-05
193,38523,-200.0,200,0,0.23341219999999996,152,48,0,37524,0.00025404946063645184
194,38723,-200.0,200,0,0.22943219999999998,159,41,0,37724,0.00016815577691886574
195,38923,-200.0,200,0,0.2254522,151,49,0,37924,0.0004901108331978321
196,39123,-200.0,200,0,0.2214722,159,41,0,38124,7.734943937975913e-05
197,39323,-200.0,200,0,0.21749220000000002,153,47,0,38324,0.00010608794400468469
198,39523,-200.0,200,0,0.21351219999999993,151,49,0,38524,0.0015173382125794888
199,39723,-200.0,200,0,0.20953219999999995,152,48,0,38724,0.0002315334277227521
200,39923,-200.0,200,0,0.20555219999999996,157,43,0,38924,4.760894080391154e-05
201,40123,-200.0,200,0,0.20157219999999998,164,36,0,39124,0.0007608961313962936
202,40323,-200.0,200,0,0.1975922,148,52,0,39324,0.00035241665318608284
203,40523,-200.0,200,0,0.1936121999999999,160,40,0,39524,0.0004321746528148651
204,40723,-200.0,200,0,0.18963219999999992,166,34,0,39724,0.0009806365706026554
205,40923,-200.0,200,0,0.18565220000000004,163,37,0,39924,0.0008836198830977082
206,41123,-200.0,200,0,0.18167220000000006,167,33,0,40124,0.000302098342217505
207,41323,-200.0,200,0,0.17769220000000008,160,40,0,40324,0.00024972594110295177
208,41523,-200.0,200,0,0.1737122000000001,155,45,0,40524,0.00013564209803007543
209,41723,-200.0,200,0,0.1697322,161,39,0,40724,0.000708355160895735
210,41923,-200.0,200,0,0.16575220000000002,170,30,0,40924,0.0003775569493882358
211,42123,-200.0,200,0,0.16177220000000003,166,34,0,41124,0.0001106877316487953
212,42323,-200.0,200,0,0.15779220000000005,165,35,0,41324,0.00035066710552200675
213,42523,-200.0,200,0,0.15381220000000007,173,27,0,41524,8.640738815302029e-05
214,42723,-200.0,200,0,0.14983219999999997,169,31,0,41724,0.0004199336690362543
215,42923,-200.0,200,0,0.1458522,174,26,0,41924,0.000557621184270829
216,43123,-200.0,200,0,0.1418722,179,21,0,42124,0.0018086545169353485
217,43323,-200.0,200,0,0.13789220000000002,164,36,0,42324,0.0005981317954137921
218,43523,-200.0,200,0,0.13391220000000004,171,29,0,42524,0.0015711123123764992
219,43723,-200.0,200,0,0.12993220000000005,166,34,0,42724,0.0003591471177060157
220,43923,-200.0,200,0,0.12595219999999996,181,19,0,42924,0.000594804179854691
221,44123,-200.0,200,0,0.12197219999999998,177,23,0,43124,0.00047600537072867155
222,44323,-200.0,200,0,0.11799219999999999,181,19,0,43324,0.001099526067264378
223,44523,-200.0,200,0,0.11401220000000001,178,22,0,43524,0.0005799437640234828
224,44723,-200.0,200,0,0.11003220000000002,165,35,0,43724,0.00035112746991217136
225,44923,-200.0,200,0,0.10605220000000004,173,27,0,43924,0.004795902408659458
226,45123,-200.0,200,0,0.10207219999999995,184,16,0,44124,0.0007724015740677714
227,45323,-200.0,200,0,0.09809219999999996,182,18,0,44324,0.0007260252023115754
228,45523,-200.0,200,0,0.09411219999999998,182,18,0,44524,0.0011071772314608097
229,45723,-200.0,200,0,0.0901322,184,16,0,44724,0.0003258819633629173
230,45923,-200.0,200,0,0.08615220000000001,174,26,0,44924,0.0021429136395454407
231,46123,-200.0,200,0,0.08217219999999992,176,24,0,45124,0.0006245427066460252
232,46323,-200.0,200,0,0.07819219999999993,187,13,0,45324,0.0005670530954375863
233,46523,-200.0,200,0,0.07421219999999995,186,14,0,45524,0.00048321005306206644
234,46723,-200.0,200,0,0.07023219999999997,184,16,4,45724,0.0005733761354349554
235,46923,-200.0,200,0,0.06625219999999998,189,11,4,45924,0.001040599774569273
236,47123,-200.0,200,0,0.0622722,181,19,0,46124,0.005114627070724964
237,47323,-200.0,200,0,0.058292200000000016,188,12,0,46324,0.0006302604451775551
238,47523,-200.0,200,0,0.05431220000000003,194,6,0,46524,0.002207361161708832
239,47723,-200.0,200,0,0.05033220000000005,189,11,0,46724,0.0060775624588131905
240,47923,-200.0,200,0,0.046352200000000066,190,10,0,46924,0.0020315409637987614
241,48123,-200.0,200,0,0.04237220000000008,189,11,0,47124,0.001142613124102354
242,48323,-200.0,200,0,0.03839219999999999,191,9,0,47324,0.0006099992315284908
243,48523,-200.0,200,0,0.034412200000000004,191,9,0,47524,0.0006277812644839287
244,48662,-139.0,139,1,0.03164610000000001,133,6,12,47663,0.0032541966065764427
245,48862,-200.0,200,0,0.027666100000000027,194,6,0,47863,0.0006819143891334534
246,48990,-128.0,128,1,0.025118900000000055,124,4,0,47991,0.0025912602432072163
247,49190,-200.0,200,0,0.02113890000000007,190,10,0,48191,0.0009575847070664167
248,49390,-200.0,200,0,0.017158899999999977,197,3,0,48391,0.00908834207803011
249,49570,-180.0,180,1,0.013576900000000003,177,3,21,48571,0.0049697523936629295
250,49770,-200.0,200,0,0.009596899999999908,199,1,0,48771,0.004832432605326176
251,49970,-200.0,200,0,0.005616899999999925,198,2,0,48971,0.0039048197213560343
252,50170,-200.0,200,0,0.0050000000000000044,200,0,0,49171,0.0016552017768844962
253,50370,-200.0,200,0,0.0050000000000000044,200,0,0,49371,0.005506359972059727
254,50570,-200.0,200,0,0.0050000000000000044,200,0,0,49571,0.00313884811475873
255,50744,-174.0,174,1,0.0050000000000000044,174,0,21,49745,0.01263504195958376
256,50867,-123.0,123,1,0.0050000000000000044,123,0,19,49868,0.005883914418518543
257,51049,-182.0,182,1,0.0050000000000000044,180,2,23,50050,0.003851623274385929
258,51249,-200.0,200,0,0.0050000000000000044,200,0,0,50250,0.029861368238925934
259,51398,-149.0,149,1,0.0050000000000000044,149,0,23,50399,0.0036205649375915527
260,51598,-200.0,200,0,0.0050000000000000044,199,1,0,50599,0.0023208865895867348
261,51754,-156.0,156,1,0.0050000000000000044,155,1,23,50755,0.003489114111289382
262,51892,-138.0,138,1,0.0050000000000000044,137,1,22,50893,0.0034778572153300047
263,52057,-165.0,165,1,0.0050000000000000044,165,0,26,51058,0.004113831557333469
264,52199,-142.0,142,1,0.0050000000000000044,140,2,23,51200,0.014621851034462452
265,52399,-200.0,200,0,0.0050000000000000044,200,0,0,51400,0.0029823859222233295
266,52599,-200.0,200,0,0.0050000000000000044,197,3,0,51600,0.0037089711986482143
267,52799,-200.0,200,0,0.0050000000000000044,198,2,8,51800,0.007414923049509525
268,52964,-165.0,165,1,0.0050000000000000044,164,1,23,51965,0.007003570906817913
269,53164,-200.0,200,0,0.0050000000000000044,199,1,0,52165,0.00808058399707079
270,53364,-200.0,200,0,0.0050000000000000044,199,1,0,52365,0.0028119406197220087
271,53564,-200.0,200,0,0.0050000000000000044,198,2,0,52565,0.006955000106245279
272,53764,-200.0,200,0,0.0050000000000000044,200,0,0,52765,0.0065523963421583176
273,53964,-200.0,200,0,0.0050000000000000044,199,1,0,52965,0.007363812066614628
274,54164,-200.0,200,0,0.0050000000000000044,200,0,0,53165,0.007325189653784037
275,54364,-200.0,200,0,0.0050000000000000044,198,2,0,53365,0.008108770474791527
276,54510,-146.0,146,1,0.0050000000000000044,146,0,11,53511,0.011062451638281345
277,54710,-200.0,200,0,0.0050000000000000044,197,3,0,53711,0.004555724561214447
278,54848,-138.0,138,1,0.0050000000000000044,137,1,31,53849,0.01473545003682375
279,54987,-139.0,139,1,0.0050000000000000044,139,0,30,53988,0.008552780374884605
280,55140,-153.0,153,1,0.0050000000000000044,153,0,29,54141,0.021639179438352585
281,55290,-150.0,150,1,0.0050000000000000044,150,0,28,54291,0.011204017326235771
282,55436,-146.0,146,1,0.0050000000000000044,144,2,28,54437,0.021385138854384422
283,55626,-190.0,190,1,0.0050000000000000044,190,0,33,54627,0.039245590567588806
284,55788,-162.0,162,1,0.0050000000000000044,161,1,32,54789,0.0056598312221467495
285,55932,-144.0,144,1,0.0050000000000000044,143,1,28,54933,0.06471532583236694
286,56041,-109.0,109,1,0.0050000000000000044,109,0,15,55042,0.036398258060216904
287,56130,-89.0,89,1,0.0050000000000000044,88,1,19,55131,0.021857034415006638
288,56276,-146.0,146,1,0.0050000000000000044,146,0,31,55277,0.031510092318058014
289,56359,-83.0,83,1,0.0050000000000000044,83,0,28,55360,0.051990870386362076
290,56517,-158.0,158,1,0.0050000000000000044,157,1,40,55518,0.07454156875610352
291,56671,-154.0,154,1,0.0050000000000000044,154,0,35,55672,0.007996171712875366
292,56758,-87.0,87,1,0.0050000000000000044,86,1,22,55759,0.029895728453993797
293,56919,-161.0,161,1,0.0050000000000000044,161,0,44,55920,0.032484304159879684
294,57076,-157.0,157,1,0.0050000000000000044,156,1,42,56077,0.045353591442108154
295,57160,-84.0,84,1,0.0050000000000000044,84,0,26,56161,0.3006844222545624
296,57360,-200.0,200,0,0.0050000000000000044,200,0,0,56361,0.0661480575799942
297,57453,-93.0,93,1,0.0050000000000000044,92,1,28,56454,0.016909560188651085
298,57653,-200.0,200,0,0.0050000000000000044,199,1,0,56654,0.01825455017387867
299,57740,-87.0,87,1,0.0050000000000000044,87,0,27,56741,0.12080149352550507
300,57916,-176.0,176,1,0.0050000000000000044,173,3,43,56917,0.11712934076786041
301,58088,-172.0,172,1,0.0050000000000000044,171,1,45,57089,0.08642004430294037
302,58177,-89.0,89,1,0.0050000000000000044,88,1,25,57178,0.091624416410923
303,58275,-98.0,98,1,0.0050000000000000044,96,2,34,57276,0.1633581817150116
304,58373,-98.0,98,1,0.0050000000000000044,98,0,32,57374,0.0545620396733284
305,58525,-152.0,152,1,0.0050000000000000044,152,0,40,57526,0.07826248556375504
306,58725,-200.0,200,0,0.0050000000000000044,199,1,0,57726,0.020972497761249542
307,58925,-200.0,200,0,0.0050000000000000044,197,3,26,57926,0.15574221312999725
308,59083,-158.0,158,1,0.0050000000000000044,158,0,36,58084,0.4599093794822693
309,59168,-85.0,85,1,0.0050000000000000044,85,0,28,58169,0.12481920421123505
310,59267,-99.0,99,1,0.0050000000000000044,99,0,42,58268,0.04113797843456268
311,59419,-152.0,152,1,0.0050000000000000044,152,0,37,58420,0.07457546144723892
312,59619,-200.0,200,0,0.0050000000000000044,199,1,0,58620,0.07567296177148819
313,59724,-105.0,105,1,0.0050000000000000044,105,0,30,58725,0.12218350917100906
314,59924,-200.0,200,0,0.0050000000000000044,199,1,38,58925,0.05216670036315918
315,60084,-160.0,160,1,0.0050000000000000044,159,1,36,59085,0.04752207174897194
316,60284,-200.0,200,0,0.0050000000000000044,197,3,0,59285,0.05490929260849953
317,60478,-194.0,194,1,0.0050000000000000044,192,2,43,59479,0.1892642378807068
318,60641,-163.0,163,1,0.0050000000000000044,162,1,39,59642,0.22198647260665894
319,60726,-85.0,85,1,0.0050000000000000044,85,0,38,59727,0.07482200860977173
320,60883,-157.0,157,1,0.0050000000000000044,156,1,35,59884,0.040427517145872116
321,61036,-153.0,153,1,0.0050000000000000044,153,0,32,60037,0.16371695697307587
322,61122,-86.0,86,1,0.0050000000000000044,86,0,35,60123,0.2177138775587082
323,61322,-200.0,200,0,0.0050000000000000044,198,2,25,60323,0.15134674310684204
324,61414,-92.0,92,1,0.0050000000000000044,92,0,37,60415,0.2005193531513214
325,61571,-157.0,157,1,0.0050000000000000044,153,4,35,60572,0.05336219072341919
326,61733,-162.0,162,1,0.0050000000000000044,160,2,34,60734,0.17700569331645966
327,61894,-161.0,161,1,0.0050000000000000044,161,0,36,60895,0.11672895401716232
328,61989,-95.0,95,1,0.0050000000000000044,95,0,41,60990,0.41732466220855713
329,62085,-96.0,96,1,0.0050000000000000044,95,1,44,61086,0.1542907953262329
330,62245,-160.0,160,1,0.0050000000000000044,159,1,44,61246,0.8584546446800232
331,62344,-99.0,99,1,0.0050000000000000044,99,0,42,61345,0.17568641901016235
332,62434,-90.0,90,1,0.0050000000000000044,90,0,35,61435,0.1402084231376648
333,62593,-159.0,159,1,0.0050000000000000044,158,1,46,61594,0.07255616784095764
334,62683,-90.0,90,1,0.0050000000000000044,90,0,34,61684,0.18293699622154236
335,62849,-166.0,166,1,0.0050000000000000044,166,0,48,61850,0.10652942955493927
336,63005,-156.0,156,1,0.0050000000000000044,156,0,51,62006,0.1600966602563858
337,63133,-128.0,128,1,0.0050000000000000044,128,0,29,62134,0.12976263463497162
338,63244,-111.0,111,1,0.0050000000000000044,111,0,35,62245,0.16704708337783813
339,63393,-149.0,149,1,0.0050000000000000044,149,0,52,62394,0.14413610100746155
340,63483,-90.0,90,1,0.0050000000000000044,90,0,31,62484,0.15622493624687195
341,63628,-145.0,145,1,0.0050000000000000044,145,0,54,62629,0.14092418551445007
342,63778,-150.0,150,1,0.0050000000000000044,148,2,46,62779,0.13662642240524292
343,63927,-149.0,149,1,0.0050000000000000044,149,0,53,62928,0.1473187953233719
344,64070,-143.0,143,1,0.0050000000000000044,142,1,60,63071,0.1342739760875702
345,64211,-141.0,141,1,0.0050000000000000044,141,0,50,63212,0.3019743859767914
346,64351,-140.0,140,1,0.0050000000000000044,139,1,57,63352,0.20765548944473267
347,64495,-144.0,144,1,0.0050000000000000044,144,0,57,63496,0.15244430303573608
348,64618,-123.0,123,1,0.0050000000000000044,122,1,33,63619,0.3015190362930298
349,64762,-144.0,144,1,0.0050000000000000044,143,1,52,63763,0.2438969910144806
350,64897,-135.0,135,1,0.0050000000000000044,135,0,50,63898,0.14998115599155426
351,65076,-179.0,179,1,0.0050000000000000044,179,0,54,64077,0.19125263392925262
352,65217,-141.0,141,1,0.0050000000000000044,141,0,58,64218,0.16622453927993774
353,65365,-148.0,148,1,0.0050000000000000044,148,0,66,64366,0.12813206017017365
354,65478,-113.0,113,1,0.0050000000000000044,113,0,55,64479,0.12234647572040558
355,65622,-144.0,144,1,0.0050000000000000044,144,0,59,64623,1.2483819723129272
356,65734,-112.0,112,1,0.0050000000000000044,112,0,41,64735,0.3769110441207886
357,65919,-185.0,185,1,0.0050000000000000044,185,0,68,64920,0.5501307845115662
358,66110,-191.0,191,1,0.0050000000000000044,191,0,61,65111,0.6680752038955688
359,66225,-115.0,115,1,0.0050000000000000044,114,1,57,65226,0.25292590260505676
360,66425,-200.0,200,0,0.0050000000000000044,200,0,72,65426,0.30279541015625
361,66545,-120.0,120,1,0.0050000000000000044,120,0,58,65546,0.224196657538414
362,66669,-124.0,124,1,0.0050000000000000044,123,1,68,65670,0.11803912371397018
363,66793,-124.0,124,1,0.0050000000000000044,122,2,63,65794,0.22423039376735687
364,66928,-135.0,135,1,0.0050000000000000044,135,0,47,65929,0.18330177664756775
365,67049,-121.0,121,1,0.0050000000000000044,121,0,73,66050,0.4276634454727173
366,67170,-121.0,121,1,0.0050000000000000044,120,1,58,66171,0.47673875093460083
367,67298,-128.0,128,1,0.0050000000000000044,127,1,51,66299,0.2235419601202011
368,67423,-125.0,125,1,0.0050000000000000044,124,1,51,66424,0.2269688993692398
369,67561,-138.0,138,1,0.0050000000000000044,138,0,52,66562,0.2404630035161972
370,67687,-126.0,126,1,0.0050000000000000044,126,0,53,66688,0.18238753080368042
371,67819,-132.0,132,1,0.0050000000000000044,131,1,37,66820,0.1848851442337036
372,67941,-122.0,122,1,0.0050000000000000044,122,0,50,66942,0.3198467493057251
373,68075,-134.0,134,1,0.0050000000000000044,134,0,43,67076,0.24423843622207642
374,68216,-141.0,141,1,0.0050000000000000044,141,0,33,67217,0.1607464998960495
375,68337,-121.0,121,1,0.0050000000000000044,120,1,44,67338,0.18198293447494507
376,68537,-200.0,200,0,0.0050000000000000044,198,2,0,67538,0.13046585023403168
377,68658,-121.0,121,1,0.0050000000000000044,121,0,44,67659,0.15564629435539246
378,68858,-200.0,200,0,0.0050000000000000044,199,1,0,67859,0.20213541388511658
379,68985,-127.0,127,1,0.0050000000000000044,126,1,35,67986,0.21227508783340454
380,69105,-120.0,120,1,0.0050000000000000044,119,1,42,68106,0.2059849351644516
381,69230,-125.0,125,1,0.0050000000000000044,124,1,33,68231,0.2503567636013031
382,69353,-123.0,123,1,0.0050000000000000044,123,0,34,68354,0.5928211808204651
383,69477,-124.0,124,1,0.0050000000000000044,124,0,33,68478,0.24240648746490479
384,69596,-119.0,119,1,0.0050000000000000044,119,0,45,68597,0.24375373125076294
385,69719,-123.0,123,1,0.0050000000000000044,123,0,31,68720,0.3558032512664795
386,69843,-124.0,124,1,0.0050000000000000044,123,1,31,68844,0.24153324961662292
387,70024,-181.0,181,1,0.0050000000000000044,180,1,69,69025,0.28081583976745605
388,70192,-168.0,168,1,0.0050000000000000044,167,1,64,69193,0.20526158809661865
389,70285,-93.0,93,1,0.0050000000000000044,93,0,32,69286,0.23749837279319763
390,70434,-149.0,149,1,0.0050000000000000044,149,0,28,69435,0.29541030526161194
391,70605,-171.0,171,1,0.0050000000000000044,171,0,61,69606,0.4053775668144226
392,70759,-154.0,154,1,0.0050000000000000044,154,0,50,69760,0.2467057704925537
393,70913,-154.0,154,1,0.0050000000000000044,154,0,51,69914,0.14613494277000427
394,71087,-174.0,174,1,0.0050000000000000044,173,1,59,70088,0.26093071699142456
395,71245,-158.0,158,1,0.0050000000000000044,158,0,49,70246,0.23762519657611847
396,71402,-157.0,157,1,0.0050000000000000044,155,2,48,70403,0.33066439628601074
397,71578,-176.0,176,1,0.0050000000000000044,176,0,61,70579,0.1931782364845276
398,71671,-93.0,93,1,0.0050000000000000044,93,0,29,70672,0.21464189887046814
399,71761,-90.0,90,1,0.0050000000000000044,90,0,30,70762,0.4025491774082184
400,71926,-165.0,165,1,0.0050000000000000044,164,1,41,70927,0.15151257812976837
401,72090,-164.0,164,1,0.0050000000000000044,164,0,56,71091,0.3139728903770447
402,72257,-167.0,167,1,0.0050000000000000044,166,1,39,71258,0.4241728186607361
403,72429,-172.0,172,1,0.0050000000000000044,171,1,63,71430,0.42256274819374084
404,72595,-166.0,166,1,0.0050000000000000044,165,1,36,71596,0.10449718683958054
405,72760,-165.0,165,1,0.0050000000000000044,165,0,38,71761,0.16844886541366577
406,72923,-163.0,163,1,0.0050000000000000044,161,2,30,71924,0.38810378313064575
407,73095,-172.0,172,1,0.0050000000000000044,172,0,37,72096,0.1688123345375061
408,73262,-167.0,167,1,0.0050000000000000044,165,2,33,72263,0.1563408374786377
409,73424,-162.0,162,1,0.0050000000000000044,159,3,33,72425,0.22005724906921387
410,73585,-161.0,161,1,0.0050000000000000044,161,0,32,72586,0.14774936437606812
411,73768,-183.0,183,1,0.0050000000000000044,181,2,27,72769,0.08774079382419586
412,73906,-138.0,138,1,0.0050000000000000044,137,1,33,72907,0.16692043840885162
413,74046,-140.0,140,1,0.0050000000000000044,138,2,36,73047,0.17502257227897644
414,74186,-140.0,140,1,0.0050000000000000044,138,2,26,73187,0.289309561252594
415,74325,-139.0,139,1,0.0050000000000000044,139,0,29,73326,0.1536647379398346
416,74463,-138.0,138,1,0.0050000000000000044,138,0,23,73464,0.17418821156024933
417,74602,-139.0,139,1,0.0050000000000000044,139,0,15,73603,0.15384584665298462
418,74781,-179.0,179,1,0.0050000000000000044,179,0,19,73782,0.1398739516735077
419,74929,-148.0,148,1,0.0050000000000000044,147,1,21,73930,0.14226177334785461
420,75075,-146.0,146,1,0.0050000000000000044,146,0,8,74076,0.18419188261032104
421,75218,-143.0,143,1,0.0050000000000000044,143,0,9,74219,0.24514132738113403
422,75365,-147.0,147,1,0.0050000000000000044,147,0,5,74366,0.08964516222476959
423,75509,-144.0,144,1,0.0050000000000000044,144,0,16,74510,0.07962973415851593
424,75709,-200.0,200,0,0.0050000000000000044,198,2,0,74710,0.06592181324958801
425,75842,-133.0,133,1,0.0050000000000000044,132,1,14,74843,0.07533052563667297
426,75979,-137.0,137,1,0.0050000000000000044,136,1,9,74980,0.06230670213699341
427,76121,-142.0,142,1,0.0050000000000000044,142,0,2,75122,0.12415073812007904
428,76258,-137.0,137,1,0.0050000000000000044,136,1,5,75259,0.1052035242319107
429,76398,-140.0,140,1,0.0050000000000000044,138,2,7,75399,0.06935389339923859
430,76536,-138.0,138,1,0.0050000000000000044,138,0,6,75537,0.07580648362636566
431,76680,-144.0,144,1,0.0050000000000000044,143,1,5,75681,0.2093747854232788
432,76815,-135.0,135,1,0.0050000000000000044,134,1,4,75816,0.07391899824142456
433,77015,-200.0,200,0,0.0050000000000000044,199,1,0,76016,0.05407797545194626
434,77145,-130.0,130,1,0.0050000000000000044,130,0,6,76146,0.06935364007949829
435,77276,-131.0,131,1,0.0050000000000000044,130,1,5,76277,0.06435292959213257
436,77476,-200.0,200,0,0.0050000000000000044,199,1,0,76477,0.04342076927423477
437,77607,-131.0,131,1,0.0050000000000000044,131,0,5,76608,0.31402403116226196
438,77732,-125.0,125,1,0.0050000000000000044,125,0,8,76733,0.25285106897354126
439,77854,-122.0,122,1,0.0050000000000000044,122,0,2,76855,0.22809511423110962
440,77974,-120.0,120,1,0.0050000000000000044,119,1,3,76975,0.03773552179336548
441,78090,-116.0,116,1,0.0050000000000000044,116,0,5,77091,0.09772498905658722
442,78206,-116.0,116,1,0.0050000000000000044,116,0,10,77207,0.070299431681633
443,78322,-116.0,116,1,0.0050000000000000044,116,0,8,77323,0.053307127207517624
444,78438,-116.0,116,1,0.0050000000000000044,116,0,2,77439,0.04242320358753204
445,78530,-92.0,92,1,0.0050000000000000044,91,1,3,77531,0.10475873947143555
446,78644,-114.0,114,1,0.0050000000000000044,113,1,6,77645,0.08566859364509583
447,78756,-112.0,112,1,0.0050000000000000044,111,1,8,77757,0.04568161070346832
448,78896,-140.0,140,1,0.0050000000000000044,138,2,8,77897,0.07585792243480682
449,79009,-113.0,113,1,0.0050000000000000044,111,2,5,78010,0.09156908094882965
450,79100,-91.0,91,1,0.0050000000000000044,90,1,2,78101,0.05751371756196022
451,79255,-155.0,155,1,0.0050000000000000044,153,2,13,78256,0.25323063135147095
452,79341,-86.0,86,1,0.0050000000000000044,86,0,4,78342,0.08838333934545517
453,79431,-90.0,90,1,0.0050000000000000044,89,1,3,78432,0.03613398224115372
454,79605,-174.0,174,1,0.0050000000000000044,171,3,12,78606,0.0778362900018692
455,79691,-86.0,86,1,0.0050000000000000044,86,0,4,78692,0.049665845930576324
456,79846,-155.0,155,1,0.0050000000000000044,155,0,14,78847,0.07486879825592041
457,79938,-92.0,92,1,0.0050000000000000044,91,1,3,78939,0.04353822022676468
458,80025,-87.0,87,1,0.0050000000000000044,86,1,3,79026,0.07311509549617767
459,80179,-154.0,154,1,0.0050000000000000044,152,2,18,79180,0.10048316419124603
460,80262,-83.0,83,1,0.0050000000000000044,83,0,5,79263,0.06530317664146423
461,80416,-154.0,154,1,0.0050000000000000044,153,1,18,79417,0.3058537542819977
462,80566,-150.0,150,1,0.0050000000000000044,150,0,17,79567,0.0639493465423584
463,80715,-149.0,149,1,0.0050000000000000044,149,0,16,79716,0.09910029917955399
464,80808,-93.0,93,1,0.0050000000000000044,92,1,4,79809,0.13858528435230255
465,80962,-154.0,154,1,0.0050000000000000044,152,2,16,79963,0.05988359451293945
466,81110,-148.0,148,1,0.0050000000000000044,145,3,19,80111,0.0885467454791069
467,81197,-87.0,87,1,0.0050000000000000044,87,0,6,80198,0.05466500669717789
468,81349,-152.0,152,1,0.0050000000000000044,152,0,20,80350,0.06023648381233215
469,81505,-156.0,156,1,0.0050000000000000044,154,2,23,80506,0.07012148201465607
470,81589,-84.0,84,1,0.0050000000000000044,84,0,6,80590,0.0462280735373497
471,81732,-143.0,143,1,0.0050000000000000044,142,1,18,80733,0.050024934113025665
472,81887,-155.0,155,1,0.0050000000000000044,152,3,24,80888,0.06880111992359161
473,81985,-98.0,98,1,0.0050000000000000044,97,1,1,80986,0.027588512748479843
474,82083,-98.0,98,1,0.0050000000000000044,98,0,1,81084,0.04713829234242439
475,82228,-145.0,145,1,0.0050000000000000044,145,0,19,81229,0.03924943506717682
476,82317,-89.0,89,1,0.0050000000000000044,89,0,5,81318,0.047111742198467255
477,82467,-150.0,150,1,0.0050000000000000044,150,0,23,81468,0.15777839720249176
478,82613,-146.0,146,1,0.0050000000000000044,146,0,21,81614,0.03128605708479881
479,82763,-150.0,150,1,0.0050000000000000044,150,0,19,81764,0.02431432530283928
480,82853,-90.0,90,1,0.0050000000000000044,90,0,7,81854,0.06861329078674316
481,82999,-146.0,146,1,0.0050000000000000044,146,0,21,82000,0.03646431118249893
482,83140,-141.0,141,1,0.0050000000000000044,141,0,17,82141,0.5673118829727173
483,83287,-147.0,147,1,0.0050000000000000044,145,2,23,82288,0.0552491657435894
484,83387,-100.0,100,1,0.0050000000000000044,100,0,4,82388,0.04591144993901253
485,83527,-140.0,140,1,0.0050000000000000044,139,1,24,82528,0.054892539978027344
486,83683,-156.0,156,1,0.0050000000000000044,156,0,28,82684,0.042452193796634674
487,83772,-89.0,89,1,0.0050000000000000044,88,1,9,82773,0.04960913956165314
488,83913,-141.0,141,1,0.0050000000000000044,141,0,10,82914,0.03705134987831116
489,84079,-166.0,166,1,0.0050000000000000044,165,1,24,83080,0.09382601082324982
490,84175,-96.0,96,1,0.0050000000000000044,95,1,7,83176,0.044707298278808594
491,84347,-172.0,172,1,0.0050000000000000044,170,2,17,83348,0.05266474187374115
492,84496,-149.0,149,1,0.0050000000000000044,149,0,25,83497,0.034579090774059296
493,84644,-148.0,148,1,0.0050000000000000044,147,1,24,83645,0.10555507987737656
494,84732,-88.0,88,1,0.0050000000000000044,88,0,13,83733,0.07990262657403946
495,84931,-199.0,199,1,0.0050000000000000044,198,1,25,83932,0.08445035666227341
496,85131,-200.0,200,0,0.0050000000000000044,198,2,0,84132,0.0327884666621685
497,85270,-139.0,139,1,0.0050000000000000044,139,0,16,84271,0.11456425487995148
498,85443,-173.0,173,1,0.0050000000000000044,172,1,20,84444,0.07888072729110718
499,85643,-200.0,200,0,0.0050000000000000044,199,1,0,84644,0.04803348705172539
500,85789,-146.0,146,1,0.0050000000000000044,145,1,27,84790,0.08130121976137161
501,85875,-86.0,86,1,0.0050000000000000044,86,0,18,84876,0.04713726043701172
502,86075,-200.0,200,0,0.0050000000000000044,199,1,0,85076,0.09033557772636414
503,86275,-200.0,200,0,0.0050000000000000044,199,1,0,85276,0.08996699750423431
504,86455,-180.0,180,1,0.0050000000000000044,180,0,26,85456,0.13283243775367737
505,86598,-143.0,143,1,0.0050000000000000044,143,0,24,85599,0.08033381402492523
506,86767,-169.0,169,1,0.0050000000000000044,167,2,23,85768,0.05312686413526535
507,86927,-160.0,160,1,0.0050000000000000044,160,0,25,85928,0.11545520275831223
508,87101,-174.0,174,1,0.0050000000000000044,174,0,26,86102,0.40382736921310425
509,87259,-158.0,158,1,0.0050000000000000044,158,0,24,86260,0.03829071670770645
510,87347,-88.0,88,1,0.0050000000000000044,88,0,22,86348,0.09459848701953888
511,87522,-175.0,175,1,0.0050000000000000044,174,1,28,86523,0.06980806589126587
512,87626,-104.0,104,1,0.0050000000000000044,104,0,20,86627,0.11624448001384735
513,87826,-200.0,200,0,0.0050000000000000044,200,0,0,86827,0.10864156484603882
514,88026,-200.0,200,0,0.0050000000000000044,199,1,22,87027,0.08696046471595764
515,88185,-159.0,159,1,0.0050000000000000044,158,1,18,87186,0.07260386645793915
516,88356,-171.0,171,1,0.0050000000000000044,170,1,27,87357,0.12561015784740448
517,88493,-137.0,137,1,0.0050000000000000044,137,0,26,87494,0.11240631341934204
518,88625,-132.0,132,1,0.0050000000000000044,132,0,18,87626,0.13269028067588806
519,88769,-144.0,144,1,0.0050000000000000044,144,0,35,87770,0.27866989374160767
520,88903,-134.0,134,1,0.0050000000000000044,134,0,18,87904,0.1573835164308548
521,89039,-136.0,136,1,0.0050000000000000044,135,1,21,88040,0.13010671734809875
522,89233,-194.0,194,1,0.0050000000000000044,193,1,25,88234,0.17918089032173157
523,89367,-134.0,134,1,0.0050000000000000044,134,0,17,88368,0.16249288618564606
524,89567,-200.0,200,0,0.0050000000000000044,198,2,17,88568,0.12025760859251022
525,89721,-154.0,154,1,0.0050000000000000044,154,0,28,88722,0.15994690358638763
526,89861,-140.0,140,1,0.0050000000000000044,140,0,31,88862,1.2100921869277954
527,89998,-137.0,137,1,0.0050000000000000044,135,2,18,88999,0.24227197468280792
528,90135,-137.0,137,1,0.0050000000000000044,137,0,18,89136,0.1603190302848816
529,90294,-159.0,159,1,0.0050000000000000044,158,1,30,89295,0.5442259311676025
530,90449,-155.0,155,1,0.0050000000000000044,155,0,33,89450,0.7397642135620117
531,90649,-200.0,200,0,0.0050000000000000044,200,0,34,89650,0.6238664984703064
532,90811,-162.0,162,1,0.0050000000000000044,161,1,30,89812,0.6120267510414124
533,90981,-170.0,170,1,0.0050000000000000044,170,0,31,89982,0.13270360231399536
534,91181,-200.0,200,0,0.0050000000000000044,200,0,0,90182,0.20487654209136963
535,91275,-94.0,94,1,0.0050000000000000044,94,0,39,90276,0.24959585070610046
536,91475,-200.0,200,0,0.0050000000000000044,200,0,40,90476,0.40749648213386536
537,91635,-160.0,160,1,0.0050000000000000044,160,0,32,90636,0.2135050892829895
538,91782,-147.0,147,1,0.0050000000000000044,147,0,26,90783,0.2186206579208374
539,91942,-160.0,160,1,0.0050000000000000044,158,2,25,90943,0.46891894936561584
540,92105,-163.0,163,1,0.0050000000000000044,162,1,31,91106,0.39696991443634033
541,92248,-143.0,143,1,0.0050000000000000044,143,0,24,91249,1.3393968343734741
542,92399,-151.0,151,1,0.0050000000000000044,150,1,27,91400,0.23867589235305786
543,92484,-85.0,85,1,0.0050000000000000044,84,1,34,91485,0.29444587230682373
544,92629,-145.0,145,1,0.0050000000000000044,144,1,32,91630,0.6947560906410217
545,92772,-143.0,143,1,0.0050000000000000044,142,1,30,91773,3.656032085418701
546,92915,-143.0,143,1,0.0050000000000000044,142,1,32,91916,0.36882132291793823
547,92999,-84.0,84,1,0.0050000000000000044,82,2,26,92000,0.49323177337646484
548,93099,-100.0,100,1,0.0050000000000000044,100,0,36,92100,0.6202442049980164
549,93193,-94.0,94,1,0.0050000000000000044,94,0,31,92194,0.4488847851753235
550,93333,-140.0,140,1,0.0050000000000000044,140,0,35,92334,0.8160912990570068
551,93483,-150.0,150,1,0.0050000000000000044,149,1,44,92484,0.5142830610275269
552,93587,-104.0,104,1,0.0050000000000000044,103,1,29,92588,2.222264051437378
553,93723,-136.0,136,1,0.0050000000000000044,135,1,36,92724,0.35545840859413147
554,93895,-172.0,172,1,0.0050000000000000044,171,1,42,92896,0.8127521872520447
555,94026,-131.0,131,1,0.0050000000000000044,130,1,28,93027,1.9672682285308838
556,94117,-91.0,91,1,0.0050000000000000044,91,0,30,93118,1.733963966369629
557,94202,-85.0,85,1,0.0050000000000000044,84,1,29,93203,0.8376359939575195
558,94296,-94.0,94,1,0.0050000000000000044,94,0,29,93297,2.5572733879089355
559,94443,-147.0,147,1,0.0050000000000000044,147,0,50,93444,2.500966787338257
560,94530,-87.0,87,1,0.0050000000000000044,87,0,32,93531,1.9675012826919556
561,94677,-147.0,147,1,0.0050000000000000044,147,0,53,93678,0.4485081434249878
562,94823,-146.0,146,1,0.0050000000000000044,146,0,50,93824,0.7002531290054321
563,94972,-149.0,149,1,0.0050000000000000044,148,1,49,93973,1.2779576778411865
564,95120,-148.0,148,1,0.0050000000000000044,148,0,55,94121,1.1516015529632568
565,95210,-90.0,90,1,0.0050000000000000044,90,0,34,94211,0.8455019593238831
566,95397,-187.0,187,1,0.0050000000000000044,186,1,48,94398,0.6742181181907654
567,95547,-150.0,150,1,0.0050000000000000044,150,0,54,94548,3.3290438652038574
568,95645,-98.0,98,1,0.0050000000000000044,97,1,38,94646,0.9751909375190735
569,95796,-151.0,151,1,0.0050000000000000044,151,0,52,94797,0.8428648710250854
570,95905,-109.0,109,1,0.0050000000000000044,107,2,39,94906,1.0502530336380005
571,96056,-151.0,151,1,0.0050000000000000044,151,0,48,95057,1.7013542652130127
572,96147,-91.0,91,1,0.0050000000000000044,90,1,36,95148,1.066591739654541
573,96307,-160.0,160,1,0.0050000000000000044,159,1,37,95308,0.9915354251861572
574,96390,-83.0,83,1,0.0050000000000000044,81,2,29,95391,0.5893983244895935
575,96539,-149.0,149,1,0.0050000000000000044,149,0,56,95540,4.897240161895752
576,96739,-200.0,200,0,0.0050000000000000044,199,1,18,95740,1.0345726013183594
577,96891,-152.0,152,1,0.0050000000000000044,150,2,52,95892,1.0484344959259033
578,97091,-200.0,200,0,0.0050000000000000044,197,3,16,96092,4.924664497375488
579,97177,-86.0,86,1,0.0050000000000000044,86,0,28,96178,5.501616954803467
580,97332,-155.0,155,1,0.0050000000000000044,154,1,40,96333,1.0896109342575073
581,97489,-157.0,157,1,0.0050000000000000044,157,0,44,96490,4.959815979003906
582,97689,-200.0,200,0,0.0050000000000000044,198,2,1,96690,5.947447299957275
583,97889,-200.0,200,0,0.0050000000000000044,197,3,6,96890,1.4443387985229492
584,98043,-154.0,154,1,0.0050000000000000044,154,0,46,97044,2.57334041595459
585,98195,-152.0,152,1,0.0050000000000000044,151,1,43,97196,6.433165550231934
586,98348,-153.0,153,1,0.0050000000000000044,153,0,42,97349,1.941189169883728
587,98432,-84.0,84,1,0.0050000000000000044,84,0,21,97433,1.4914568662643433
588,98519,-87.0,87,1,0.0050000000000000044,87,0,20,97520,1.910542368888855
589,98689,-170.0,170,1,0.0050000000000000044,167,3,62,97690,1.7682290077209473
590,98778,-89.0,89,1,0.0050000000000000044,87,2,19,97779,2.2185590267181396
591,98935,-157.0,157,1,0.0050000000000000044,154,3,42,97936,1.7312636375427246
592,99100,-165.0,165,1,0.0050000000000000044,165,0,45,98101,1.3323140144348145
593,99197,-97.0,97,1,0.0050000000000000044,97,0,24,98198,1.6423003673553467
594,99393,-196.0,196,1,0.0050000000000000044,196,0,86,98394,1.6220289468765259
595,99552,-159.0,159,1,0.0050000000000000044,158,1,36,98553,1.7503280639648438
596,99719,-167.0,167,1,0.0050000000000000044,167,0,55,98720,8.456628799438477
597,99885,-166.0,166,1,0.0050000000000000044,166,0,34,98886,3.0252983570098877
598,99973,-88.0,88,1,0.0050000000000000044,88,0,16,98974,2.339169502258301
